Individual,Trial,Predator,Board,Initial ,Total ,Temp. ,TimeScale,Treatment,Brightness.DifferencePercent,Brightness.Difference,EscapeResponse,ColourDiffPercent,ColourDiff,Pattern,Length,Size
1,1,P,U,3,4,20.2,1,PU,18.2300296,0.182300296,FAST,45.4653926,0.454653926,2,131,13.1
1,2,N,U,0,0,20.2,2,NU,18.2300296,0.182300296,SLOW,45.4653926,0.454653926,2,131,13.1
1,3,P,H,6,7,20.2,1,PH,17.8838511,0.178838511,FAST,17.7476136,0.177476136,2,131,13.1
1,4,N,H,30,36,20.2,2,NH,17.8838511,0.178838511,SLOW,17.7476136,0.177476136,2,131,13.1
2,1,P,U,4,10,19.6,1,PU,17.1027333,0.171027333,FAST,23.7788443,0.237788443,4,171,17.1
2,2,N,U,21,37,19.6,2,NU,17.1027333,0.171027333,SLOW,23.7788443,0.237788443,4,171,17.1
2,3,P,H,22,40,19.6,2,PH,25.6717821,0.256717821,SLOW,7.7516216,0.077516216,4,171,17.1
2,4,N,H,26,63,19.6,2,NH,25.6717821,0.256717821,SLOW,7.7516216,0.077516216,4,171,17.1
5,1,P,U,27,38,18.7,2,PU,2.1899224,0.021899224,SLOW,6.4039894,0.064039894,3,116,11.6
5,2,N,U,22,25,18.7,2,NU,2.1899224,0.021899224,SLOW,6.4039894,0.064039894,3,116,11.6
5,3,P,H,9,13,18.7,2,PH,10.5666023,0.105666023,SLOW,0.6146802,0.006146802,3,116,11.6
5,4,N,H,47,49,18.7,2,NH,10.5666023,0.105666023,SLOW,0.6146802,0.006146802,3,116,11.6
6,1,P,U,50,52,18.7,2,PU,12.8693347,0.128693347,SLOW,20.4206611,0.204206611,2,126,12.6
6,2,N,U,6,8,18.9,1,NU,12.8693347,0.128693347,FAST,20.4206611,0.204206611,2,126,12.6
6,3,P,H,24,25,18.9,2,PH,18.5603911,0.185603911,SLOW,19.6631729,0.196631729,2,126,12.6
6,4,N,H,22,24,18.9,2,NH,18.5603911,0.185603911,SLOW,19.6631729,0.196631729,2,126,12.6
7,1,P,U,19,35,18.6,2,PU,12.0371569,0.120371569,SLOW,32.9582203,0.329582203,2,462,46.2
7,2,N,U,3,4,18.6,1,NU,12.0371569,0.120371569,FAST,32.9582203,0.329582203,2,462,46.2
7,3,P,H,47,57,18.6,2,PH,31.1454396,0.311454396,SLOW,7.956489,0.07956489,2,462,46.2
7,4,N,H,43,73,18.6,2,NH,31.1454396,0.311454396,SLOW,7.956489,0.07956489,2,462,46.2
8,1,P,U,13,20,18.7,2,PU,14.0175536,0.140175536,SLOW,52.1754053,0.521754053,2,249,24.9
8,2,N,U,20,25,18.7,2,NU,14.0175536,0.140175536,SLOW,52.1754053,0.521754053,2,249,24.9
8,3,P,H,65,66,18.7,2,PH,31.6209258,0.316209258,SLOW,14.2064459,0.142064459,2,249,24.9
8,4,N,H,12,20,18.7,2,NH,31.6209258,0.316209258,SLOW,14.2064459,0.142064459,2,249,24.9
10,1,P,U,25,48,17.5,2,PU,8.5245655,0.085245655,SLOW,16.533058,0.16533058,3,120,12
10,2,N,U,15,17,17.5,2,NU,8.5245655,0.085245655,SLOW,16.533058,0.16533058,3,120,12
10,3,P,H,10,14,17.5,2,PH,11.2576414,0.112576414,SLOW,6.5218499,0.065218499,3,120,12
10,4,N,H,97,106,17.5,2,NH,11.2576414,0.112576414,SLOW,6.5218499,0.065218499,3,120,12
11,1,P,U,3,4,18,1,PU,16.9512781,0.169512781,FAST,31.7046411,0.317046411,4,232,23.2
11,2,N,U,70,73,18,2,NU,16.9512781,0.169512781,SLOW,31.7046411,0.317046411,4,232,23.2
11,3,P,H,4,9,18,1,PH,22.5173948,0.225173948,FAST,18.2156486,0.182156486,4,232,23.2
11,4,N,H,9,16,18,2,NH,22.5173948,0.225173948,SLOW,18.2156486,0.182156486,4,232,23.2
12,1,P,U,28,32,17.4,2,PU,5.4557302,0.054557302,SLOW,15.5244624,0.155244624,3,103,10.3
12,2,N,U,0,0,17.4,2,NU,5.4557302,0.054557302,SLOW,15.5244624,0.155244624,3,103,10.3
12,3,P,H,4,5,17.4,1,PH,11.7088271,0.117088271,FAST,8.8492017,0.088492017,3,103,10.3
12,4,N,H,0,0,17.4,2,NH,11.7088271,0.117088271,SLOW,8.8492017,0.088492017,3,103,10.3
14,1,P,U,18,19,18.2,2,PU,10.9593393,0.109593393,SLOW,7.1698041,0.071698041,5,157,15.7
14,2,N,U,15,20,17,2,NU,10.9593393,0.109593393,SLOW,7.1698041,0.071698041,5,157,15.7
14,3,P,H,7,8,17,1,PH,1.7728436,0.017728436,FAST,1.2025642,0.012025642,5,157,15.7
14,4,N,H,0,0,17,3,NH,1.7728436,0.017728436,SLOW,1.2025642,0.012025642,5,157,15.7
15,1,P,U,0,0,16.5,3,PU,14.7156704,0.147156704,SLOW,15.3175871,0.153175871,5,100,10
15,2,N,U,0,0,16.5,3,NU,14.7156704,0.147156704,SLOW,15.3175871,0.153175871,5,100,10
15,3,P,H,0,0,16.5,3,PH,5.3085856,0.053085856,SLOW,5.1259573,0.051259573,5,100,10
15,4,N,H,19,78,16.5,2,NH,5.3085856,0.053085856,SLOW,5.1259573,0.051259573,5,100,10
16,1,P,U,153,155,18.7,2,PU,9.8152635,0.098152635,SLOW,15.0617991,0.150617991,5,108,10.8
16,2,N,U,54,55,18.5,2,NU,9.8152635,0.098152635,SLOW,15.0617991,0.150617991,5,108,10.8
16,3,P,H,109,116,18.2,2,PH,17.0532649,0.170532649,SLOW,9.9955573,0.099955573,5,108,10.8
16,4,N,H,38,40,17.8,2,NH,17.0532649,0.170532649,SLOW,9.9955573,0.099955573,5,108,10.8
17,1,P,U,0,0,17.7,3,PU,10.3646671,0.103646671,SLOW,13.688047,0.13688047,1,99,9.9
17,2,N,U,25,32,19.6,2,NU,10.3646671,0.103646671,SLOW,13.688047,0.13688047,1,99,9.9
17,3,P,H,15,17,18.9,2,PH,25.7169858,0.257169858,SLOW,10.3264771,0.103264771,1,99,9.9
17,4,N,H,34,38,18.7,2,NH,25.7169858,0.257169858,SLOW,10.3264771,0.103264771,1,99,9.9
18,1,P,U,45,48,17.9,2,PU,21.2200638,0.212200638,SLOW,4.4575884,0.044575884,4,138,13.8
18,2,N,U,0,0,17.4,3,NU,21.2200638,0.212200638,SLOW,4.4575884,0.044575884,4,138,13.8
18,3,P,H,14,0,19.6,1,PH,34.1325373,0.341325373,FAST,3.9731902,0.039731902,4,138,13.8
18,4,N,H,1,4,18.6,1,NH,34.1325373,0.341325373,FAST,3.9731902,0.039731902,4,138,13.8
19,1,P,U,23,25,20.2,2,PU,22.2883507,0.222883507,SLOW,6.6426195,0.066426195,4,139,13.9
19,2,N,U,41,46,18.4,2,NU,22.2883507,0.222883507,SLOW,6.6426195,0.066426195,4,139,13.9
19,3,P,H,0,0,17.5,3,PH,28.0040916,0.280040916,SLOW,23.0903044,0.230903044,4,139,13.9
19,4,N,H,3,7,18.7,1,NH,28.0040916,0.280040916,FAST,23.0903044,0.230903044,4,139,13.9
21,1,P,U,0,0,18,3,PU,9.9706618,0.099706618,SLOW,13.3907551,0.133907551,3,237,23.7
21,2,N,U,100,104,19.4,2,NU,9.9706618,0.099706618,SLOW,13.3907551,0.133907551,3,237,23.7
21,3,P,H,41,45,18.6,2,PH,24.3183109,0.243183109,SLOW,10.527093,0.10527093,3,237,23.7
21,4,N,H,0,0,18.4,3,NH,24.3183109,0.243183109,SLOW,10.527093,0.10527093,3,237,23.7
22,1,P,U,18,20,18.2,2,PU,22.5498514,0.225498514,SLOW,3.5620306,0.035620306,5,185,18.5
22,2,N,U,145,146,17.8,2,NU,22.5498514,0.225498514,SLOW,3.5620306,0.035620306,5,185,18.5
22,3,P,H,6,13,19.1,1,PH,28.3297973,0.283297973,FAST,9.6659017,0.096659017,5,185,18.5
22,4,N,H,70,73,19.6,2,NH,28.3297973,0.283297973,SLOW,9.6659017,0.096659017,5,185,18.5
23,1,P,U,16,18,20.2,2,PU,16.578148,0.16578148,SLOW,12.2444232,0.122444232,4,177,17.7
23,2,N,U,154,156,19.1,2,NU,16.578148,0.16578148,SLOW,12.2444232,0.122444232,4,177,17.7
23,3,P,H,25,26,17.7,2,PH,6.5871221,0.065871221,SLOW,7.5444467,0.075444467,4,177,17.7
23,4,N,H,22,24,18.7,2,NH,6.5871221,0.065871221,SLOW,7.5444467,0.075444467,4,177,17.7
24,1,P,U,55,57,18.5,2,PU,20.7166723,0.207166723,SLOW,16.0280577,0.160280577,4,194,19.4
24,2,N,U,35,38,19.5,2,NU,20.7166723,0.207166723,SLOW,16.0280577,0.160280577,4,194,19.4
24,3,P,H,95,97,18.8,2,PH,21.9613531,0.219613531,SLOW,4.5030258,0.045030258,4,194,19.4
24,4,N,H,35,37,17.8,2,NH,21.9613531,0.219613531,SLOW,4.5030258,0.045030258,4,194,19.4
25,1,P,U,27,31,17.4,2,PU,16.734926,0.16734926,SLOW,9.757654,0.09757654,1,229,22.9
25,2,N,U,79,82,19.1,2,NU,16.734926,0.16734926,SLOW,9.757654,0.09757654,1,229,22.9
25,3,P,H,90,102,18.2,2,PH,20.3433665,0.203433665,SLOW,2.9453384,0.029453384,1,229,22.9
25,4,N,H,57,60,18.1,2,NH,20.3433665,0.203433665,SLOW,2.9453384,0.029453384,1,229,22.9
26,1,P,U,0,0,18.3,3,PU,17.4140191,0.174140191,SLOW,10.1306142,0.101306142,3,205,20.5
26,2,N,U,0,0,17.7,3,NU,17.4140191,0.174140191,SLOW,10.1306142,0.101306142,3,205,20.5
26,3,P,H,48,52,19.3,2,PH,15.9501195,0.159501195,SLOW,2.620799,0.02620799,3,205,20.5
26,4,N,H,37,40,20,2,NH,15.9501195,0.159501195,SLOW,2.620799,0.02620799,3,205,20.5
27,1,P,U,102,104,18,2,PU,17.446081,0.17446081,SLOW,12.7301438,0.127301438,1,145,14.5
27,2,N,U,63,65,18.6,2,NU,17.446081,0.17446081,SLOW,12.7301438,0.127301438,1,145,14.5
27,3,P,H,23,24,17.5,2,PH,17.1873974,0.171873974,SLOW,9.7257954,0.097257954,1,145,14.5
27,4,N,H,107,112,18.7,2,NH,17.1873974,0.171873974,SLOW,9.7257954,0.097257954,1,145,14.5
28,1,P,U,10,70,18.7,2,PU,22.9638715,0.229638715,SLOW,7.1636008,0.071636008,4,169,16.9
28,2,N,U,24,28,19.6,2,NU,22.9638715,0.229638715,SLOW,7.1636008,0.071636008,4,169,16.9
28,3,P,H,90,93,17.4,2,PH,26.2163031,0.262163031,SLOW,5.7040501,0.057040501,4,169,16.9
28,4,N,H,106,109,17.4,2,NH,26.2163031,0.262163031,SLOW,5.7040501,0.057040501,4,169,16.9
29,1,P,U,0,0,17.9,3,PU,14.2641764,0.142641764,SLOW,13.4076701,0.134076701,1,178,17.8
29,2,N,U,0,0,19,3,NU,14.2641764,0.142641764,SLOW,13.4076701,0.134076701,1,178,17.8
29,3,P,H,20,24,18.4,2,PH,9.2652477,0.092652477,SLOW,10.502067,0.10502067,1,178,17.8
29,4,N,H,20,28,18.4,2,NH,9.2652477,0.092652477,SLOW,10.502067,0.10502067,1,178,17.8
30,1,P,U,40,43,17.6,2,PU,18.2504652,0.182504652,SLOW,11.1672102,0.111672102,4,164,16.4
30,2,N,U,0,0,17.5,3,NU,18.2504652,0.182504652,SLOW,11.1672102,0.111672102,4,164,16.4
30,3,P,H,66,69,18.71,2,PH,21.479421,0.21479421,SLOW,8.6392842,0.086392842,4,164,16.4
30,4,N,H,45,48,19.9,2,NH,21.479421,0.21479421,SLOW,8.6392842,0.086392842,4,164,16.4
33,1,P,U,5,7,25.7,1,PU,23.4535422,0.234535422,FAST,17.8606983,0.178606983,2,147,14.7
33,2,N,U,10,12,22.5,2,NU,23.4535422,0.234535422,SLOW,17.8606983,0.178606983,2,147,14.7
33,3,P,H,81,83,21.6,2,PH,27.429905,0.27429905,SLOW,11.2976141,0.112976141,2,147,14.7
33,4,N,H,15,16,21.1,2,NH,27.429905,0.27429905,SLOW,11.2976141,0.112976141,2,147,14.7
35,1,P,U,14,18,19.1,2,PU,3.4884615,0.034884615,SLOW,14.745892,0.14745892,5,171,17.1
35,2,N,U,30,32,22.2,2,NU,3.4884615,0.034884615,SLOW,14.745892,0.14745892,5,171,17.1
35,3,P,H,10,14,22,2,PH,1.9592499,0.019592499,SLOW,6.6869926,0.066869926,5,171,17.1
35,4,N,H,13,14,21.9,2,NH,1.9592499,0.019592499,SLOW,6.6869926,0.066869926,5,171,17.1
36,1,P,U,38,42,21.1,2,PU,18.7762669,0.187762669,SLOW,11.0541375,0.110541375,4,197,19.7
36,2,N,U,9,13,22.7,2,NU,18.7762669,0.187762669,SLOW,11.0541375,0.110541375,4,197,19.7
36,3,P,H,11,13,21.1,2,PH,20.0252655,0.200252655,SLOW,8.7310325,0.087310325,4,197,19.7
36,4,N,H,22,26,22.4,2,NH,20.0252655,0.200252655,SLOW,8.7310325,0.087310325,4,197,19.7
37,1,P,U,20,21,22,2,PU,19.7730969,0.197730969,SLOW,36.3971339,0.363971339,4,135,13.5
37,2,N,U,22,24,22.1,2,NU,19.7730969,0.197730969,SLOW,36.3971339,0.363971339,4,135,13.5
37,3,P,H,47,52,22.9,2,PH,17.6293372,0.176293372,SLOW,31.7664982,0.317664982,4,135,13.5
37,4,N,H,30,33,22.2,2,NH,17.6293372,0.176293372,SLOW,31.7664982,0.317664982,4,135,13.5
38,1,P,U,11,45,21.6,2,PU,15.6282093,0.156282093,SLOW,26.1761667,0.261761667,1,86,8.6
38,2,N,U,120,145,23.5,2,NU,15.6282093,0.156282093,SLOW,26.1761667,0.261761667,1,86,8.6
38,3,P,H,0,0,22.2,3,PH,15.6849632,0.156849632,SLOW,32.8409036,0.328409036,1,86,8.6
38,4,N,H,12,37,19.2,2,NH,15.6849632,0.156849632,SLOW,32.8409036,0.328409036,1,86,8.6
39,1,P,U,26,45,22.8,2,PU,0.8130479,0.008130479,SLOW,7.89784,0.0789784,5,158,15.8
39,2,N,U,10,12,22.7,2,NU,0.8130479,0.008130479,SLOW,7.89784,0.0789784,5,158,15.8
39,3,P,H,33,35,21.6,2,PH,10.989277,0.10989277,SLOW,2.0061436,0.020061436,5,158,15.8
39,4,N,H,50,52,21,2,NH,10.989277,0.10989277,SLOW,2.0061436,0.020061436,5,158,15.8
42,1,P,U,35,37,23.1,2,PU,21.5354922,0.215354922,SLOW,2.8499543,0.028499543,4,144,14.4
42,2,N,U,34,36,21.9,2,NU,21.5354922,0.215354922,SLOW,2.8499543,0.028499543,4,144,14.4
42,3,P,H,0,0,19.2,3,PH,26.0524494,0.260524494,SLOW,14.17411,0.1417411,4,144,14.4
42,4,N,H,52,66,22.2,2,NH,26.0524494,0.260524494,SLOW,14.17411,0.1417411,4,144,14.4
43,1,P,U,26,30,21.2,2,PU,19.7513123,0.197513123,SLOW,2.0407999,0.020407999,4,147,14.7
43,2,N,U,27,31,22.8,2,NU,19.7513123,0.197513123,SLOW,2.0407999,0.020407999,4,147,14.7
43,3,P,H,66,90,22.1,2,PH,19.7500807,0.197500807,SLOW,9.1212821,0.091212821,4,147,14.7
43,4,N,H,19,20,20.8,2,NH,19.7500807,0.197500807,SLOW,9.1212821,0.091212821,4,147,14.7
44,1,P,U,46,50,20.8,2,PU,21.2083507,0.212083507,SLOW,5.4155897,0.054155897,2,336,33.6
44,2,N,U,29,36,23.6,2,NU,21.2083507,0.212083507,SLOW,5.4155897,0.054155897,2,336,33.6
44,3,P,H,30,32,22.6,2,PH,20.7990834,0.207990834,SLOW,16.4507792,0.164507792,2,336,33.6
44,4,N,H,12,20,24.1,2,NH,20.7990834,0.207990834,SLOW,16.4507792,0.164507792,2,336,33.6
45,1,P,U,17,20,22,2,PU,22.0042918,0.220042918,SLOW,8.5374821,0.085374821,2,364,36.4
45,2,N,U,13,17,20.5,2,NU,22.0042918,0.220042918,SLOW,8.5374821,0.085374821,2,364,36.4
45,3,P,H,54,56,22.8,2,PH,8.8372615,0.088372615,SLOW,22.1203678,0.221203678,2,364,36.4
45,4,N,H,27,29,22.8,2,NH,8.8372615,0.088372615,SLOW,22.1203678,0.221203678,2,364,36.4
46,1,P,U,10,12,22.8,2,PU,21.2387842,0.212387842,SLOW,6.9543158,0.069543158,4,148,14.8
46,2,N,U,27,30,21.5,2,NU,21.2387842,0.212387842,SLOW,6.9543158,0.069543158,4,148,14.8
46,3,P,H,45,47,19.9,2,PH,18.371179,0.18371179,SLOW,9.5679677,0.095679677,4,148,14.8
46,4,N,H,10,13,21.6,2,NH,18.371179,0.18371179,SLOW,9.5679677,0.095679677,4,148,14.8
48,1,P,U,57,62,20.3,2,PU,22.3456015,0.223456015,SLOW,9.9984711,0.099984711,2,273,27.3
48,2,N,U,12,14,22.6,2,NU,22.3456015,0.223456015,SLOW,9.9984711,0.099984711,2,273,27.3
48,3,P,H,15,18,22,2,PH,20.3743341,0.203743341,SLOW,35.4991223,0.354991223,2,273,27.3
48,4,N,H,31,35,22.9,2,NH,20.3743341,0.203743341,SLOW,35.4991223,0.354991223,2,273,27.3
49,1,P,U,10,12,21.6,2,PU,21.924448,0.21924448,SLOW,11.3103568,0.113103568,2,250,25
49,2,N,U,15,20,20.8,2,NU,21.924448,0.21924448,SLOW,11.3103568,0.113103568,2,250,25
49,3,P,H,15,28,22.9,2,PH,14.2220343,0.142220343,SLOW,28.8404912,0.288404912,2,250,25
49,4,N,H,18,22,20.4,2,NH,14.2220343,0.142220343,SLOW,28.8404912,0.288404912,2,250,25
50,1,P,U,37,46,21.2,2,PU,11.9755908,0.119755908,SLOW,16.6186205,0.166186205,5,141,14.1
50,2,N,U,20,22,21.6,2,NU,11.9755908,0.119755908,SLOW,16.6186205,0.166186205,5,141,14.1
50,3,P,H,23,25,20.5,2,PH,6.290987,0.06290987,SLOW,25.4327975,0.254327975,5,141,14.1
50,4,N,H,37,39,20.3,2,NH,6.290987,0.06290987,SLOW,25.4327975,0.254327975,5,141,14.1
51,1,P,U,189,198,20.1,2,PU,22.2027538,0.222027538,SLOW,7.370096,0.07370096,4,171,17.1
51,2,N,U,11,16,21.6,2,NU,22.2027538,0.222027538,SLOW,7.370096,0.07370096,4,171,17.1
51,3,P,H,50,57,21.6,2,PH,10.9345353,0.109345353,SLOW,17.5641308,0.175641308,4,171,17.1
51,4,N,H,18,24,24.5,2,NH,10.9345353,0.109345353,SLOW,17.5641308,0.175641308,4,171,17.1
53,1,P,U,10,13,20,2,PU,12.3290717,0.123290717,SLOW,23.0879132,0.230879132,3,160,16
53,2,N,U,32,35,21.8,2,NU,12.3290717,0.123290717,SLOW,23.0879132,0.230879132,3,160,16
53,3,P,H,8,11,21.2,1,PH,22.9672003,0.229672003,FAST,22.5769951,0.225769951,3,160,16
53,4,N,H,24,29,20.3,2,NH,22.9672003,0.229672003,SLOW,22.5769951,0.225769951,3,160,16
54,1,P,U,25,34,19.5,2,PU,4.1199734,0.041199734,SLOW,13.5782148,0.135782148,5,141,14.1
54,2,N,U,10,13,21.7,2,NU,4.1199734,0.041199734,SLOW,13.5782148,0.135782148,5,141,14.1
54,3,P,H,7,9,21.9,1,PH,14.8360105,0.148360105,FAST,10.4375281,0.104375281,5,141,14.1
54,4,N,H,19,21,23.6,2,NH,14.8360105,0.148360105,SLOW,10.4375281,0.104375281,5,141,14.1
56,1,P,U,11,13,21.2,2,PU,14.0466212,0.140466212,SLOW,32.3467038,0.323467038,4,109,10.9
56,2,N,U,13,16,21,2,NU,14.0466212,0.140466212,SLOW,32.3467038,0.323467038,4,109,10.9
56,3,P,H,0,0,20,3,PH,26.6645884,0.266645884,SLOW,15.0665411,0.150665411,4,109,10.9
56,4,N,H,24,27,21.1,2,NH,26.6645884,0.266645884,SLOW,15.0665411,0.150665411,4,109,10.9
60,1,P,U,0,14,27.4,2,PU,2.9604228,0.029604228,SLOW,11.799309,0.11799309,1,153,15.3
60,2,N,U,7,13,17.3,1,NU,2.9604228,0.029604228,FAST,11.799309,0.11799309,1,153,15.3
60,3,P,H,3,8,17,1,PH,14.2124852,0.142124852,FAST,3.8382111,0.038382111,1,153,15.3
60,4,N,H,23,26,15.9,2,NH,14.2124852,0.142124852,SLOW,3.8382111,0.038382111,1,153,15.3
63,1,P,U,17,20,17.2,2,PU,18.546252,0.18546252,SLOW,15.1937261,0.151937261,2,122,12.2
63,2,N,U,6,9,17.1,1,NU,18.546252,0.18546252,FAST,15.1937261,0.151937261,2,122,12.2
63,3,P,H,0,0,16.1,3,PH,11.4080122,0.114080122,SLOW,47.8067654,0.478067654,2,122,12.2
63,4,N,H,95,97,27.9,2,NH,11.4080122,0.114080122,SLOW,47.8067654,0.478067654,2,122,12.2
64,1,P,U,11,36,25,2,PU,15.5544516,0.155544516,SLOW,28.7895623,0.287895623,4,137,13.7
64,2,N,U,18,25,17.3,2,NU,15.5544516,0.155544516,SLOW,28.7895623,0.287895623,4,137,13.7
64,3,P,H,6,9,16.6,1,PH,10.3543566,0.103543566,FAST,33.4003965,0.334003965,4,137,13.7
64,4,N,H,15,16,15.9,2,NH,10.3543566,0.103543566,SLOW,33.4003965,0.334003965,4,137,13.7
65,1,P,U,15,20,15.9,2,PU,15.0601185,0.150601185,SLOW,23.8729119,0.238729119,4,258,25.8
65,2,N,U,20,22,18.5,2,NU,15.0601185,0.150601185,SLOW,23.8729119,0.238729119,4,258,25.8
65,3,P,H,10,18,17.3,2,PH,8.1321773,0.081321773,SLOW,18.8587066,0.188587066,4,258,25.8
65,4,N,H,21,23,16.9,2,NH,8.1321773,0.081321773,SLOW,18.8587066,0.188587066,4,258,25.8
66,1,P,U,19,27,16.8,2,PU,9.7870966,0.097870966,SLOW,17.2523218,0.172523218,2,271,27.1
66,2,N,U,59,62,15.9,2,NU,9.7870966,0.097870966,SLOW,17.2523218,0.172523218,2,271,27.1
66,3,P,H,22,24,18.3,2,PH,9.881877,0.09881877,SLOW,1.8720089,0.018720089,2,271,27.1
66,4,N,H,65,67,16.9,2,NH,9.881877,0.09881877,SLOW,1.8720089,0.018720089,2,271,27.1
67,1,P,U,15,19,17,2,PU,19.4601818,0.194601818,SLOW,40.4520982,0.404520982,4,150,15
67,2,N,U,5,6,17.5,1,NU,19.4601818,0.194601818,FAST,40.4520982,0.404520982,4,150,15
67,3,P,H,20,21,15.3,2,PH,13.4930561,0.134930561,SLOW,3.1291524,0.031291524,4,150,15
67,4,N,H,38,45,26.6,2,NH,13.4930561,0.134930561,SLOW,3.1291524,0.031291524,4,150,15
68,1,P,U,53,59,26.3,2,PU,20.6586852,0.206586852,SLOW,19.0507861,0.190507861,4,138,13.8
68,2,N,U,44,47,17.2,2,NU,20.6586852,0.206586852,SLOW,19.0507861,0.190507861,4,138,13.8
68,3,P,H,29,37,16.3,2,PH,13.5822666,0.135822666,SLOW,4.9532626,0.049532626,4,138,13.8
68,4,N,H,11,12,15.8,2,NH,13.5822666,0.135822666,SLOW,4.9532626,0.049532626,4,138,13.8
69,1,P,U,21,25,15.9,2,PU,16.0716616,0.160716616,SLOW,40.6317906,0.406317906,2,125,12.5
69,2,N,U,8,9,17.9,1,NU,16.0716616,0.160716616,FAST,40.6317906,0.406317906,2,125,12.5
69,3,P,H,4,6,17.3,1,PH,11.9456934,0.119456934,FAST,4.3488006,0.043488006,2,125,12.5
69,4,N,H,4,5,16.9,1,NH,11.9456934,0.119456934,FAST,4.3488006,0.043488006,2,125,12.5
72,1,P,U,19,24,25,2,PU,18.6153135,0.186153135,SLOW,13.0561305,0.130561305,2,170,17
72,2,N,U,20,29,17.8,2,NU,18.6153135,0.186153135,SLOW,13.0561305,0.130561305,2,170,17
72,3,P,H,5,8,15.9,1,PH,15.1360468,0.151360468,FAST,7.363106,0.07363106,2,170,17
72,4,N,H,5,9,15.9,1,NH,15.1360468,0.151360468,FAST,7.363106,0.07363106,2,170,17
73,1,P,U,20,32,15.6,2,PU,16.8919735,0.168919735,SLOW,5.8585926,0.058585926,5,129,12.9
73,2,N,U,21,24,18.2,2,NU,16.8919735,0.168919735,SLOW,5.8585926,0.058585926,5,129,12.9
73,3,P,H,15,18,17.6,2,PH,23.2867657,0.232867657,SLOW,1.1716031,0.011716031,5,129,12.9
73,4,N,H,21,22,17.2,2,NH,23.2867657,0.232867657,SLOW,1.1716031,0.011716031,5,129,12.9
74,1,P,U,8,14,16.8,2,PU,15.5774142,0.155774142,SLOW,22.3099442,0.223099442,4,205,20.5
74,2,N,U,14,20,16.4,2,NU,15.5774142,0.155774142,SLOW,22.3099442,0.223099442,4,205,20.5
74,3,P,H,8,42,17.9,2,PH,17.0010141,0.170010141,SLOW,10.8503115,0.108503115,4,205,20.5
74,4,N,H,14,16,16.5,2,NH,17.0010141,0.170010141,SLOW,10.8503115,0.108503115,4,205,20.5
75,1,P,U,5,6,16.5,1,PU,12.8554662,0.128554662,FAST,25.9046268,0.259046268,4,114,11.4
75,2,N,U,3,6,16.2,1,NU,12.8554662,0.128554662,FAST,25.9046268,0.259046268,4,114,11.4
75,3,P,H,2,5,15.3,1,PH,21.8886249,0.218886249,FAST,23.780842,0.23780842,4,114,11.4
75,4,N,H,4,5,24.8,1,NH,21.8886249,0.218886249,FAST,23.780842,0.23780842,4,114,11.4
76,1,P,U,9,16,25.4,2,PU,20.0468724,0.200468724,SLOW,17.412488,0.17412488,4,186,18.6
76,2,N,U,9,15,18.1,2,NU,20.0468724,0.200468724,SLOW,17.412488,0.17412488,4,186,18.6
76,3,P,H,18,22,15.9,2,PH,19.356683,0.19356683,SLOW,8.0136812,0.080136812,4,186,18.6
76,4,N,H,10,14,15.8,2,NH,19.356683,0.19356683,SLOW,8.0136812,0.080136812,4,186,18.6
77,1,P,U,43,62,15.6,2,PU,13.7820246,0.137820246,SLOW,22.0312491,0.220312491,4,170,17
77,2,N,U,55,57,18,2,NU,13.7820246,0.137820246,SLOW,22.0312491,0.220312491,4,170,17
77,3,P,H,40,42,18,2,PH,21.5246354,0.215246354,SLOW,27.008139,0.27008139,4,170,17
77,4,N,H,40,43,17.8,2,NH,21.5246354,0.215246354,SLOW,27.008139,0.27008139,4,170,17
78,1,P,U,46,51,17,2,PU,19.7693285,0.197693285,SLOW,7.2791313,0.072791313,4,112,11.2
78,2,N,U,27,51,16.1,2,NU,19.7693285,0.197693285,SLOW,7.2791313,0.072791313,4,112,11.2
78,3,P,H,40,62,17.7,2,PH,20.1617009,0.201617009,SLOW,11.6157918,0.116157918,4,112,11.2
78,4,N,H,14,19,16.8,2,NH,20.1617009,0.201617009,SLOW,11.6157918,0.116157918,4,112,11.2
79,1,P,U,30,37,16.5,2,PU,19.9563629,0.199563629,SLOW,14.255367,0.14255367,4,154,15.4
79,2,N,U,9,13,16.6,2,NU,19.9563629,0.199563629,SLOW,14.255367,0.14255367,4,154,15.4
79,3,P,H,13,17,15.2,2,PH,13.5380035,0.135380035,SLOW,28.3535418,0.283535418,4,154,15.4
79,4,N,H,27,46,24.8,2,NH,13.5380035,0.135380035,SLOW,28.3535418,0.283535418,4,154,15.4
81,1,P,U,46,51,15.5,2,PU,18.7120297,0.187120297,SLOW,25.2237463,0.252237463,4,221,22.1
81,2,N,U,27,33,18.1,2,NU,18.7120297,0.187120297,SLOW,25.2237463,0.252237463,4,221,22.1
81,3,P,H,16,23,19.1,2,PH,13.0508584,0.130508584,SLOW,12.4974617,0.124974617,4,221,22.1
81,4,N,H,8,14,17.4,2,NH,13.0508584,0.130508584,SLOW,12.4974617,0.124974617,4,221,22.1
82,1,P,U,18,23,17.2,2,PU,8.5123029,0.085123029,SLOW,15.6097898,0.156097898,3,212,21.2
82,2,N,U,7,8,15.9,1,NU,8.5123029,0.085123029,FAST,15.6097898,0.156097898,3,212,21.2
82,3,P,H,5,14,18.2,1,PH,1.0939456,0.010939456,FAST,5.227259,0.05227259,3,212,21.2
82,4,N,H,122,123,17.3,2,NH,1.0939456,0.010939456,SLOW,5.227259,0.05227259,3,212,21.2
83,1,P,U,32,46,16.4,2,PU,0.8216682,0.008216682,SLOW,10.6937424,0.106937424,1,150,15
83,2,N,U,45,52,16.3,2,NU,0.8216682,0.008216682,SLOW,10.6937424,0.106937424,1,150,15
83,3,P,H,108,0,15.2,2,PH,0.3253191,0.003253191,SLOW,1.4495632,0.014495632,1,150,15
83,4,N,H,43,45,25,2,NH,0.3253191,0.003253191,SLOW,1.4495632,0.014495632,1,150,15
86,1,P,U,71,82,17.8,2,PU,19.0368816,0.190368816,SLOW,18.6590718,0.186590718,2,154,15.4
86,2,N,U,55,62,15.9,2,NU,19.0368816,0.190368816,SLOW,18.6590718,0.186590718,2,154,15.4
86,3,P,H,0,0,17.8,3,PH,22.5550521,0.225550521,SLOW,7.7771937,0.077771937,2,154,15.4
86,4,N,H,19,43,16.8,2,NH,22.5550521,0.225550521,SLOW,7.7771937,0.077771937,2,154,15.4
87,1,P,U,25,27,16.9,2,PU,6.9083701,0.069083701,SLOW,8.5413696,0.085413696,5,135,13.5
87,2,N,U,33,36,15.8,2,NU,6.9083701,0.069083701,SLOW,8.5413696,0.085413696,5,135,13.5
87,3,P,H,3,5,15,1,PH,22.1306577,0.221306577,FAST,2.8034659,0.028034659,5,135,13.5
87,4,N,H,35,37,22.5,2,NH,22.1306577,0.221306577,SLOW,2.8034659,0.028034659,5,135,13.5
88,1,P,U,0,28,21.8,2,PU,19.6881281,0.196881281,SLOW,36.1240709,0.361240709,2,124,12.4
88,2,N,U,7,25,17.6,2,NU,19.6881281,0.196881281,SLOW,36.1240709,0.361240709,2,124,12.4
88,3,P,H,32,34,15.9,2,PH,12.1027819,0.121027819,SLOW,45.008383,0.45008383,2,124,12.4
88,4,N,H,20,70,15,2,NH,12.1027819,0.121027819,SLOW,45.008383,0.45008383,2,124,12.4
92,1,P,U,15,26,23.9,2,PU,22.0903503,0.220903503,SLOW,26.144987,0.26144987,2,176,17.6
92,2,N,U,22,24,17.6,2,NU,22.0903503,0.220903503,SLOW,26.144987,0.26144987,2,176,17.6
92,3,P,H,29,30,15.7,2,PH,26.3711877,0.263711877,SLOW,25.3530367,0.253530367,2,176,17.6
92,4,N,H,4,6,15.1,1,NH,26.3711877,0.263711877,FAST,25.3530367,0.253530367,2,176,17.6
93,1,P,U,69,73,15.1,2,PU,19.7967525,0.197967525,SLOW,21.9573696,0.219573696,2,277,27.7
93,2,N,U,15,21,17.4,2,NU,19.7967525,0.197967525,SLOW,21.9573696,0.219573696,2,277,27.7
93,3,P,H,0,0,17.2,3,PH,22.809061,0.22809061,SLOW,17.1889398,0.171889398,2,277,27.7
93,4,N,H,54,59,17,2,NH,22.809061,0.22809061,SLOW,17.1889398,0.171889398,2,277,27.7
96,1,P,U,12,16,22,2,PU,20.0126292,0.200126292,SLOW,5.515442,0.05515442,1,137,13.7
96,2,N,U,10,12,18.1,2,NU,20.0126292,0.200126292,SLOW,5.515442,0.05515442,1,137,13.7
96,3,P,H,5,7,15.4,1,PH,22.3290349,0.223290349,FAST,16.8840275,0.168840275,1,137,13.7
96,4,N,H,7,11,15.3,1,NH,22.3290349,0.223290349,FAST,16.8840275,0.168840275,1,137,13.7
97,1,P,U,82,92,15.3,2,PU,21.1053528,0.211053528,SLOW,43.8005233,0.438005233,2,334,33.4
97,2,N,U,0,0,17.3,3,NU,21.1053528,0.211053528,SLOW,43.8005233,0.438005233,2,334,33.4
97,3,P,H,114,125,17.4,2,PH,20.8946497,0.208946497,SLOW,35.3640927,0.353640927,2,334,33.4
97,4,N,H,0,0,16.9,3,NH,20.8946497,0.208946497,SLOW,35.3640927,0.353640927,2,334,33.4
98,1,P,U,12,18,16,2,PU,20.8305607,0.208305607,SLOW,39.8739529,0.398739529,4,194,19.4
98,2,N,U,4,19,15.2,2,NU,20.8305607,0.208305607,SLOW,39.8739529,0.398739529,4,194,19.4
98,3,P,H,16,18,17.3,2,PH,24.2636535,0.242636535,SLOW,44.3809705,0.443809705,4,194,19.4
98,4,N,H,30,31,17.2,2,NH,24.2636535,0.242636535,SLOW,44.3809705,0.443809705,4,194,19.4
99,1,P,U,0,33,21.3,2,PU,20.9837107,0.209837107,SLOW,26.8560661,0.268560661,3,122,12.2
99,2,N,U,98,104,18.1,2,NU,20.9837107,0.209837107,SLOW,26.8560661,0.268560661,3,122,12.2
99,3,P,H,17,26,15.3,2,PH,19.3941539,0.193941539,SLOW,27.9473433,0.279473433,3,122,12.2
99,4,N,H,39,47,15.3,2,NH,19.3941539,0.193941539,SLOW,27.9473433,0.279473433,3,122,12.2
100,1,P,U,72,77,15.3,2,PU,8.044278,0.08044278,SLOW,10.3766735,0.103766735,2,130,13
100,2,N,U,6,10,18.2,1,NU,8.044278,0.08044278,FAST,10.3766735,0.103766735,2,130,13
100,3,P,H,9,12,17.6,2,PH,18.0684666,0.180684666,SLOW,9.1687479,0.091687479,2,130,13
100,4,N,H,24,26,16.1,2,NH,18.0684666,0.180684666,SLOW,9.1687479,0.091687479,2,130,13
103,1,P,U,39,42,19.1,2,PU,19.3229003,0.193229003,SLOW,29.5029213,0.295029213,4,164,16.4
103,2,N,U,8,13,17.8,2,NU,19.3229003,0.193229003,SLOW,29.5029213,0.295029213,4,164,16.4
103,3,P,H,15,19,15,2,PH,22.2616202,0.222616202,SLOW,1.835407,0.01835407,4,164,16.4
103,4,N,H,9,15,15.3,2,NH,22.2616202,0.222616202,SLOW,1.835407,0.01835407,4,164,16.4
105,1,P,U,7,13,16.1,1,PU,16.1244649,0.161244649,FAST,29.2169697,0.292169697,4,161,16.1
105,2,N,U,6,10,15.2,1,NU,16.1244649,0.161244649,FAST,29.2169697,0.292169697,4,161,16.1
105,3,P,H,8,17,18.2,2,PH,25.3676757,0.253676757,SLOW,34.2101618,0.342101618,4,161,16.1
105,4,N,H,45,51,17.1,2,NH,25.3676757,0.253676757,SLOW,34.2101618,0.342101618,4,161,16.1
106,1,P,U,0,0,17.2,3,PU,18.4105561,0.184105561,SLOW,36.5484086,0.365484086,3,131,13.1
106,2,N,U,0,0,15.3,3,NU,18.4105561,0.184105561,SLOW,36.5484086,0.365484086,3,131,13.1
106,3,P,H,55,56,15.3,2,PH,15.8097789,0.158097789,SLOW,26.5490009,0.265490009,3,131,13.1
106,4,N,H,0,0,19.8,3,NH,15.8097789,0.158097789,SLOW,26.5490009,0.265490009,3,131,13.1
109,1,P,U,7,29,16.1,2,PU,9.7105923,0.097105923,SLOW,14.4860059,0.144860059,4,132,13.2
109,2,N,U,4,8,15.2,1,NU,9.7105923,0.097105923,FAST,14.4860059,0.144860059,4,132,13.2
109,3,P,H,9,20,17.9,2,PH,7.2519526,0.072519526,SLOW,9.4069823,0.094069823,4,132,13.2
109,4,N,H,27,29,17.3,2,NH,7.2519526,0.072519526,SLOW,9.4069823,0.094069823,4,132,13.2
110,1,P,U,15,17,17.3,2,PU,12.9419669,0.129419669,SLOW,8.8660944,0.088660944,5,148,14.8
110,2,N,U,18,20,15,2,NU,12.9419669,0.129419669,SLOW,8.8660944,0.088660944,5,148,14.8
110,3,P,H,36,40,15.1,2,PH,13.9670731,0.139670731,SLOW,4.949611,0.04949611,5,148,14.8
110,4,N,H,23,25,18.3,2,NH,13.9670731,0.139670731,SLOW,4.949611,0.04949611,5,148,14.8
111,1,P,U,57,110,17.3,2,PU,17.6307644,0.176307644,SLOW,47.2557489,0.472557489,4,122,12.2
111,2,N,U,62,65,17.3,2,NU,17.6307644,0.176307644,SLOW,47.2557489,0.472557489,4,122,12.2
111,3,P,H,7,38,15,2,PH,14.502306,0.14502306,SLOW,21.286582,0.21286582,4,122,12.2
111,4,N,H,17,18,15.1,2,NH,14.502306,0.14502306,SLOW,21.286582,0.21286582,4,122,12.2
112,1,P,U,16,17,14.3,2,PU,11.1478304,0.111478304,SLOW,20.370532,0.20370532,3,123,12.3
112,2,N,U,44,81,17.1,2,NU,11.1478304,0.111478304,SLOW,20.370532,0.20370532,3,123,12.3
112,3,P,H,0,0,18,3,PH,6.9536152,0.069536152,SLOW,12.803528,0.12803528,3,123,12.3
112,4,N,H,7,10,15.9,1,NH,6.9536152,0.069536152,FAST,12.803528,0.12803528,3,123,12.3
113,1,P,U,33,35,15.9,2,PU,7.2929621,0.072929621,SLOW,12.6155325,0.126155325,3,137,13.7
113,2,N,U,80,81,15,2,NU,7.2929621,0.072929621,SLOW,12.6155325,0.126155325,3,137,13.7
113,3,P,H,30,32,17.8,2,PH,6.1365615,0.061365615,SLOW,9.0192657,0.090192657,3,137,13.7
113,4,N,H,11,12,16.9,2,NH,6.1365615,0.061365615,SLOW,9.0192657,0.090192657,3,137,13.7
114,1,P,U,27,0,17.3,2,PU,16.6409778,0.166409778,SLOW,37.3676625,0.373676625,4,121,12.1
114,2,N,U,3,18,15,2,NU,16.6409778,0.166409778,SLOW,37.3676625,0.373676625,4,121,12.1
114,3,P,H,25,43,14.9,2,PH,15.2499847,0.152499847,SLOW,29.207999,0.29207999,4,121,12.1
114,4,N,H,205,209,17.3,2,NH,15.2499847,0.152499847,SLOW,29.207999,0.29207999,4,121,12.1
117,1,P,U,9,12,14.8,2,PU,0.9271681,0.009271681,SLOW,8.8288903,0.088288903,3,168,16.8
117,2,N,U,6,7,14.8,1,NU,0.9271681,0.009271681,FAST,8.8288903,0.088288903,3,168,16.8
117,3,P,H,11,14,14.7,2,PH,4.5046089,0.045046089,SLOW,3.489797,0.03489797,3,168,16.8
117,4,N,H,12,16,14.8,2,NH,4.5046089,0.045046089,SLOW,3.489797,0.03489797,3,168,16.8
118,1,P,U,44,45,14.8,2,PU,20.3226067,0.203226067,SLOW,15.5206132,0.155206132,2,174,17.4
118,2,N,U,7,8,14.8,1,NU,20.3226067,0.203226067,FAST,15.5206132,0.155206132,2,174,17.4
118,3,P,H,15,17,14.8,2,PH,18.696585,0.18696585,SLOW,34.4090558,0.344090558,2,174,17.4
118,4,N,H,7,11,14.9,1,NH,18.696585,0.18696585,FAST,34.4090558,0.344090558,2,174,17.4
120,1,P,U,20,25,14.8,2,PU,12.6244005,0.126244005,SLOW,16.7092212,0.167092212,2,439,43.9
120,2,N,U,21,25,14.6,2,NU,12.6244005,0.126244005,SLOW,16.7092212,0.167092212,2,439,43.9
120,3,P,H,5,12,14.7,1,PH,24.2198632,0.242198632,FAST,22.9523871,0.229523871,2,439,43.9
120,4,N,H,11,17,14.8,2,NH,24.2198632,0.242198632,SLOW,22.9523871,0.229523871,2,439,43.9
121,1,P,U,78,82,14.8,2,PU,14.2079366,0.142079366,SLOW,17.7849449,0.177849449,2,308,30.8
121,2,N,U,46,49,14.8,2,NU,14.2079366,0.142079366,SLOW,17.7849449,0.177849449,2,308,30.8
121,3,P,H,27,29,14.6,2,PH,30.3080724,0.303080724,SLOW,37.3676935,0.373676935,2,308,30.8
121,4,N,H,15,17,14.8,2,NH,30.3080724,0.303080724,SLOW,37.3676935,0.373676935,2,308,30.8
122,1,P,U,8,9,14.8,1,PU,3.2286412,0.032286412,FAST,15.7324526,0.157324526,5,216,21.6
122,2,N,U,3,4,14.8,1,NU,3.2286412,0.032286412,FAST,15.7324526,0.157324526,5,216,21.6
122,3,P,H,5,8,14.8,1,PH,14.5702318,0.145702318,FAST,11.9720667,0.119720667,5,216,21.6
122,4,N,H,18,19,14.7,2,NH,14.5702318,0.145702318,SLOW,11.9720667,0.119720667,5,216,21.6
123,1,P,U,10,11,14.7,2,PU,17.8228605,0.178228605,SLOW,11.9299465,0.119299465,2,157,15.7
123,2,N,U,30,33,14.7,2,NU,17.8228605,0.178228605,SLOW,11.9299465,0.119299465,2,157,15.7
123,3,P,H,10,11,14.8,2,PH,20.2087439,0.202087439,SLOW,38.5598293,0.385598293,2,157,15.7
123,4,N,H,78,80,14.8,2,NH,20.2087439,0.202087439,SLOW,38.5598293,0.385598293,2,157,15.7
124,1,P,U,10,11,14.8,2,PU,13.0593546,0.130593546,SLOW,10.3434006,0.103434006,5,164,16.4
124,2,N,U,3,4,14.7,1,NU,13.0593546,0.130593546,FAST,10.3434006,0.103434006,5,164,16.4
124,3,P,H,91,92,14.7,2,PH,16.8619746,0.168619746,SLOW,14.8893606,0.148893606,5,164,16.4
124,4,N,H,8,10,14.8,1,NH,16.8619746,0.168619746,FAST,14.8893606,0.148893606,5,164,16.4
125,1,P,U,4,5,14.8,1,PU,17.0532389,0.170532389,FAST,17.1398005,0.171398005,4,361,36.1
125,2,N,U,3,4,14.8,1,NU,17.0532389,0.170532389,FAST,17.1398005,0.171398005,4,361,36.1
125,3,P,H,3,4,14.7,1,PH,24.0993592,0.240993592,FAST,23.7426925,0.237426925,4,361,36.1
125,4,N,H,6,7,14.8,1,NH,24.0993592,0.240993592,FAST,23.7426925,0.237426925,4,361,36.1
126,1,P,U,25,29,14.8,2,PU,14.8250955,0.148250955,SLOW,4.2669981,0.042669981,2,249,24.9
126,2,N,U,10,15,14.8,2,NU,14.8250955,0.148250955,SLOW,4.2669981,0.042669981,2,249,24.9
126,3,P,H,9,17,14.8,2,PH,24.9194189,0.249194189,SLOW,24.4070297,0.244070297,2,249,24.9
126,4,N,H,39,48,14.7,2,NH,24.9194189,0.249194189,SLOW,24.4070297,0.244070297,2,249,24.9
127,1,P,U,99,105,14.6,2,PU,18.6631097,0.186631097,SLOW,2.1817648,0.021817648,4,177,17.7
127,2,N,U,129,130,14.7,2,NU,18.6631097,0.186631097,SLOW,2.1817648,0.021817648,4,177,17.7
127,3,P,H,18,20,14.8,2,PH,27.1233053,0.271233053,SLOW,20.4994075,0.204994075,4,177,17.7
127,4,N,H,10,12,14.8,2,NH,27.1233053,0.271233053,SLOW,20.4994075,0.204994075,4,177,17.7
128,1,P,U,3,5,14.8,1,PU,13.6600975,0.136600975,FAST,4.7407812,0.047407812,2,164,16.4
128,2,N,U,45,46,14.7,2,NU,13.6600975,0.136600975,SLOW,4.7407812,0.047407812,2,164,16.4
128,3,P,H,5,7,14.7,1,PH,30.1940074,0.301940074,FAST,12.3703546,0.123703546,2,164,16.4
128,4,N,H,4,7,14.8,1,NH,30.1940074,0.301940074,FAST,12.3703546,0.123703546,2,164,16.4
130,1,P,U,27,29,14.8,2,PU,17.3827216,0.173827216,SLOW,35.3555687,0.353555687,4,196,19.6
130,2,N,U,24,25,14.8,2,NU,17.3827216,0.173827216,SLOW,35.3555687,0.353555687,4,196,19.6
130,3,P,H,5,6,14.8,1,PH,19.5358246,0.195358246,FAST,43.1425346,0.431425346,4,196,19.6
130,4,N,H,28,30,14.6,2,NH,19.5358246,0.195358246,SLOW,43.1425346,0.431425346,4,196,19.6
131,1,P,U,3,4,14.7,1,PU,16.2644572,0.162644572,FAST,18.9682978,0.189682978,1,172,17.2
131,2,N,U,9,10,14.7,1,NU,16.2644572,0.162644572,FAST,18.9682978,0.189682978,1,172,17.2
131,3,P,H,3,6,14.8,1,PH,21.6105208,0.216105208,FAST,25.864215,0.25864215,1,172,17.2
131,4,N,H,28,33,14.8,2,NH,21.6105208,0.216105208,SLOW,25.864215,0.25864215,1,172,17.2
133,1,P,U,6,8,14.8,1,PU,18.579377,0.18579377,FAST,23.9350761,0.239350761,2,133,13.3
133,2,N,U,3,4,14.8,1,NU,18.579377,0.18579377,FAST,23.9350761,0.239350761,2,133,13.3
133,3,P,H,45,49,14.7,2,PH,23.9487934,0.239487934,SLOW,40.4224291,0.404224291,2,133,13.3
133,4,N,H,8,9,14.8,1,NH,23.9487934,0.239487934,FAST,40.4224291,0.404224291,2,133,13.3
134,1,P,U,4,6,14.8,1,PU,13.2728881,0.132728881,FAST,11.7166416,0.117166416,2,153,15.3
134,2,N,U,50,52,14.8,2,NU,13.2728881,0.132728881,SLOW,11.7166416,0.117166416,2,153,15.3
134,3,P,H,5,6,14.8,1,PH,14.9999275,0.149999275,FAST,6.1650695,0.061650695,2,153,15.3
134,4,N,H,21,26,14.6,2,NH,14.9999275,0.149999275,SLOW,6.1650695,0.061650695,2,153,15.3
135,1,P,U,72,83,23.6,2,PU,19.6276164,0.196276164,SLOW,10.7321894,0.107321894,2,189,18.9
135,2,N,U,0,0,22.2,3,NU,19.6276164,0.196276164,SLOW,10.7321894,0.107321894,2,189,18.9
135,3,P,H,9,22,23.2,2,PH,30.7323606,0.307323606,SLOW,5.9966914,0.059966914,2,189,18.9
135,4,N,H,12,21,21,2,NH,30.7323606,0.307323606,SLOW,5.9966914,0.059966914,2,189,18.9
136,1,P,U,0,0,21,3,PU,21.6383732,0.216383732,SLOW,1.6528035,0.016528035,2,133,13.3
136,2,N,U,130,189,20.6,2,NU,21.6383732,0.216383732,SLOW,1.6528035,0.016528035,2,133,13.3
136,3,P,H,0,0,22.2,3,PH,31.8411821,0.318411821,SLOW,4.6258885,0.046258885,2,133,13.3
136,4,N,H,68,69,22.1,2,NH,31.8411821,0.318411821,SLOW,4.6258885,0.046258885,2,133,13.3
137,1,P,U,6,93,22.1,2,PU,19.0441927,0.190441927,SLOW,8.0961098,0.080961098,2,175,17.5
137,2,N,U,25,66,21.2,2,NU,19.0441927,0.190441927,SLOW,8.0961098,0.080961098,2,175,17.5
137,3,P,H,28,51,19.3,2,PH,32.6399643,0.326399643,SLOW,3.0438067,0.030438067,2,175,17.5
137,4,N,H,20,199,20.2,2,NH,32.6399643,0.326399643,SLOW,3.0438067,0.030438067,2,175,17.5
138,1,P,U,68,79,20.1,2,PU,19.5916993,0.195916993,SLOW,5.3141308,0.053141308,4,188,18.8
138,2,N,U,45,66,22.7,2,NU,19.5916993,0.195916993,SLOW,5.3141308,0.053141308,4,188,18.8
138,3,P,H,16,30,21.2,2,PH,30.0804059,0.300804059,SLOW,3.2935865,0.032935865,4,188,18.8
138,4,N,H,14,118,23.6,2,NH,30.0804059,0.300804059,SLOW,3.2935865,0.032935865,4,188,18.8
139,1,P,U,183,0,27.2,2,PU,13.8284217,0.138284217,SLOW,15.9946517,0.159946517,2,248,24.8
139,2,N,U,0,0,24.7,3,NU,13.8284217,0.138284217,SLOW,15.9946517,0.159946517,2,248,24.8
139,3,P,H,124,127,23.2,2,PH,31.284161,0.31284161,SLOW,6.4218395,0.064218395,2,248,24.8
139,4,N,H,109,148,21.1,2,NH,31.284161,0.31284161,SLOW,6.4218395,0.064218395,2,248,24.8
140,1,P,U,63,66,22.8,2,PU,10.9681817,0.109681817,SLOW,19.2517015,0.192517015,2,497,49.7
140,2,N,U,27,65,20.8,2,NU,10.9681817,0.109681817,SLOW,19.2517015,0.192517015,2,497,49.7
140,3,P,H,82,103,24.7,2,PH,27.7097845,0.277097845,SLOW,9.0973418,0.090973418,2,497,49.7
140,4,N,H,165,168,22.8,2,NH,27.7097845,0.277097845,SLOW,9.0973418,0.090973418,2,497,49.7
141,1,P,U,89,97,22.8,2,PU,14.9814318,0.149814318,SLOW,17.645746,0.17645746,2,243,24.3
141,2,N,U,60,64,20.6,2,NU,14.9814318,0.149814318,SLOW,17.645746,0.17645746,2,243,24.3
141,3,P,H,32,34,20,2,PH,29.9163246,0.299163246,SLOW,10.2065122,0.102065122,2,243,24.3
141,4,N,H,42,43,21.2,2,NH,29.9163246,0.299163246,SLOW,10.2065122,0.102065122,2,243,24.3
142,1,P,U,54,72,21.2,2,PU,7.794614,0.07794614,SLOW,25.1062163,0.251062163,3,244,24.4
142,2,N,U,45,48,23.9,2,NU,7.794614,0.07794614,SLOW,25.1062163,0.251062163,3,244,24.4
142,3,P,H,48,50,20.1,2,PH,15.8965288,0.158965288,SLOW,15.0401644,0.150401644,3,244,24.4
142,4,N,H,100,112,27.2,2,NH,15.8965288,0.158965288,SLOW,15.0401644,0.150401644,3,244,24.4
143,1,P,U,40,0,28.5,2,PU,14.479952,0.14479952,SLOW,6.8830136,0.068830136,1,172,17.2
143,2,N,U,0,0,20.1,3,NU,14.479952,0.14479952,SLOW,6.8830136,0.068830136,1,172,17.2
143,3,P,H,0,0,23,3,PH,22.5775383,0.225775383,SLOW,0.5632816,0.005632816,1,172,17.2
143,4,N,H,148,154,22.8,2,NH,22.5775383,0.225775383,SLOW,0.5632816,0.005632816,1,172,17.2
144,1,P,U,30,35,25.2,2,PU,19.5142933,0.195142933,SLOW,3.4852036,0.034852036,4,216,21.6
144,2,N,U,36,46,22.3,2,NU,19.5142933,0.195142933,SLOW,3.4852036,0.034852036,4,216,21.6
144,3,P,H,77,83,18.5,2,PH,27.4899285,0.274899285,SLOW,1.9073854,0.019073854,4,216,21.6
144,4,N,H,28,30,23.6,2,NH,27.4899285,0.274899285,SLOW,1.9073854,0.019073854,4,216,21.6
145,1,P,U,21,29,25.6,2,PU,4.3956827,0.043956827,SLOW,10.4483806,0.104483806,5,133,13.3
145,2,N,U,8,25,20.3,2,NU,4.3956827,0.043956827,SLOW,10.4483806,0.104483806,5,133,13.3
145,3,P,H,183,185,22.9,2,PH,18.249473,0.18249473,SLOW,1.6786579,0.016786579,5,133,13.3
145,4,N,H,12,28,22.4,2,NH,18.249473,0.18249473,SLOW,1.6786579,0.016786579,5,133,13.3
146,1,P,U,21,35,22.4,2,PU,18.5012286,0.185012286,SLOW,14.064153,0.14064153,2,277,27.7
146,2,N,U,53,54,22.7,2,NU,18.5012286,0.185012286,SLOW,14.064153,0.14064153,2,277,27.7
146,3,P,H,22,44,20.4,2,PH,31.5458849,0.315458849,SLOW,1.9820498,0.019820498,2,277,27.7
146,4,N,H,40,77,28.4,2,NH,31.5458849,0.315458849,SLOW,1.9820498,0.019820498,2,277,27.7
147,1,P,U,30,64,21.2,2,PU,10.6443694,0.106443694,SLOW,3.025797,0.03025797,2,175,17.5
147,2,N,U,0,0,19.4,3,NU,10.6443694,0.106443694,SLOW,3.025797,0.03025797,2,175,17.5
147,3,P,H,67,70,22.1,2,PH,33.1716539,0.331716539,SLOW,10.6154102,0.106154102,2,175,17.5
147,4,N,H,40,46,24.2,2,NH,33.1716539,0.331716539,SLOW,10.6154102,0.106154102,2,175,17.5
148,1,P,U,65,67,24.4,2,PU,20.7781173,0.207781173,SLOW,11.9881093,0.119881093,2,143,14.3
148,2,N,U,161,165,23.2,2,NU,20.7781173,0.207781173,SLOW,11.9881093,0.119881093,2,143,14.3
148,3,P,H,0,0,18.7,3,PH,32.6540329,0.326540329,SLOW,2.0226756,0.020226756,2,143,14.3
148,4,N,H,7,81,22,2,NH,32.6540329,0.326540329,SLOW,2.0226756,0.020226756,2,143,14.3
149,1,P,U,16,23,22.9,2,PU,9.0451292,0.090451292,SLOW,23.7493693,0.237493693,2,262,26.2
149,2,N,U,18,21,21.4,2,NU,9.0451292,0.090451292,SLOW,23.7493693,0.237493693,2,262,26.2
149,3,P,H,12,25,22.4,2,PH,26.3271574,0.263271574,SLOW,14.2510616,0.142510616,2,262,26.2
149,4,N,H,2,10,22.6,1,NH,26.3271574,0.263271574,FAST,14.2510616,0.142510616,2,262,26.2
150,1,P,U,102,205,22.5,2,PU,15.0600684,0.150600684,SLOW,13.8172462,0.138172462,4,226,22.6
150,2,N,U,73,93,23.1,2,NU,15.0600684,0.150600684,SLOW,13.8172462,0.138172462,4,226,22.6
150,3,P,H,59,87,20.6,2,PH,32.555505,0.32555505,SLOW,10.9552916,0.109552916,4,226,22.6
150,4,N,H,0,0,29.9,3,NH,32.555505,0.32555505,SLOW,10.9552916,0.109552916,4,226,22.6
152,1,P,U,46,54,29.5,2,PU,12.7891774,0.127891774,SLOW,12.9670901,0.129670901,2,163,16.3
152,2,N,U,84,155,23.8,2,NU,12.7891774,0.127891774,SLOW,12.9670901,0.129670901,2,163,16.3
152,3,P,H,0,0,19.8,3,PH,27.7953217,0.277953217,SLOW,5.2360876,0.052360876,2,163,16.3
152,4,N,H,54,55,22.9,2,NH,27.7953217,0.277953217,SLOW,5.2360876,0.052360876,2,163,16.3
153,1,P,U,49,51,23.1,2,PU,13.3127773,0.133127773,SLOW,10.2549144,0.102549144,2,141,14.1
153,2,N,U,70,72,20,2,NU,13.3127773,0.133127773,SLOW,10.2549144,0.102549144,2,141,14.1
153,3,P,H,28,179,24.4,2,PH,30.7181485,0.307181485,SLOW,1.3844962,0.013844962,2,141,14.1
153,4,N,H,80,0,23.2,2,NH,30.7181485,0.307181485,SLOW,1.3844962,0.013844962,2,141,14.1
154,1,P,U,68,72,22.8,2,PU,18.3617438,0.183617438,SLOW,23.842798,0.23842798,2,140,14
154,2,N,U,5,9,22.7,1,NU,18.3617438,0.183617438,FAST,23.842798,0.23842798,2,140,14
154,3,P,H,76,87,21.7,2,PH,33.0581,0.330581,SLOW,8.4574527,0.084574527,2,140,14
154,4,N,H,152,0,21.2,2,NH,33.0581,0.330581,SLOW,8.4574527,0.084574527,2,140,14
155,1,P,U,0,0,12.1,3,PU,14.2649193,0.142649193,SLOW,14.7590316,0.147590316,1,194,19.4
155,2,N,U,0,0,12.7,3,NU,14.2649193,0.142649193,SLOW,14.7590316,0.147590316,1,194,19.4
155,3,P,H,0,0,11,3,PH,27.7051052,0.277051052,SLOW,9.1187009,0.091187009,1,194,19.4
155,4,N,H,0,0,10.2,3,NH,27.7051052,0.277051052,SLOW,9.1187009,0.091187009,1,194,19.4
156,1,P,U,40,52,10.2,2,PU,18.5561918,0.185561918,SLOW,7.716692,0.07716692,2,293,29.3
156,2,N,U,105,118,12,2,NU,18.5561918,0.185561918,SLOW,7.716692,0.07716692,2,293,29.3
156,3,P,H,93,107,12.2,2,PH,22.3216902,0.223216902,SLOW,3.0384589,0.030384589,2,293,29.3
156,4,N,H,66,75,11.1,2,NH,22.3216902,0.223216902,SLOW,3.0384589,0.030384589,2,293,29.3
157,1,P,U,185,210,11.4,2,PU,11.6161019,0.116161019,SLOW,10.0679152,0.100679152,1,294,29.4
157,2,N,U,89,0,10.7,2,NU,11.6161019,0.116161019,SLOW,10.0679152,0.100679152,1,294,29.4
157,3,P,H,0,0,12,3,PH,13.0902104,0.130902104,SLOW,4.1516883,0.041516883,1,294,29.4
157,4,N,H,0,0,11.4,3,NH,13.0902104,0.130902104,SLOW,4.1516883,0.041516883,1,294,29.4
158,1,P,U,0,0,11.5,3,PU,15.8789333,0.158789333,SLOW,10.0473676,0.100473676,2,188,18.8
158,2,N,U,0,0,11.2,3,NU,15.8789333,0.158789333,SLOW,10.0473676,0.100473676,2,188,18.8
158,3,P,H,0,0,10.8,3,PH,26.7667443,0.267667443,SLOW,5.3743,0.053743,2,188,18.8
158,4,N,H,88,146,12.1,2,NH,26.7667443,0.267667443,SLOW,5.3743,0.053743,2,188,18.8
159,1,P,U,126,0,12.4,2,PU,12.0197906,0.120197906,SLOW,9.8502554,0.098502554,3,149,14.9
159,2,N,U,0,0,12.2,3,NU,12.0197906,0.120197906,SLOW,9.8502554,0.098502554,3,149,14.9
159,3,P,H,0,0,10.8,3,PH,19.3223024,0.193223024,SLOW,5.1429996,0.051429996,3,149,14.9
159,4,N,H,0,0,10.5,3,NH,19.3223024,0.193223024,SLOW,5.1429996,0.051429996,3,149,14.9
160,1,P,U,0,0,10.4,3,PU,15.1325026,0.151325026,SLOW,9.4352881,0.094352881,2,398,39.8
160,2,N,U,0,0,12.1,3,NU,15.1325026,0.151325026,SLOW,9.4352881,0.094352881,2,398,39.8
160,3,P,H,0,0,12.3,3,PH,15.0841805,0.150841805,SLOW,3.6710591,0.036710591,2,398,39.8
160,4,N,H,0,0,10.9,3,NH,15.0841805,0.150841805,SLOW,3.6710591,0.036710591,2,398,39.8
161,1,P,U,107,110,11.6,2,PU,17.2269174,0.172269174,SLOW,9.9624036,0.099624036,2,371,37.1
161,2,N,U,53,57,10.5,2,NU,17.2269174,0.172269174,SLOW,9.9624036,0.099624036,2,371,37.1
161,3,P,H,104,119,12,2,PH,26.9492167,0.269492167,SLOW,4.092689,0.04092689,2,371,37.1
161,4,N,H,33,46,11.4,2,NH,26.9492167,0.269492167,SLOW,4.092689,0.04092689,2,371,37.1
162,1,P,U,0,0,11.1,3,PU,12.7927099,0.127927099,SLOW,16.7620904,0.167620904,2,189,18.9
162,2,N,U,92,0,10.9,2,NU,12.7927099,0.127927099,SLOW,16.7620904,0.167620904,2,189,18.9
162,3,P,H,122,0,10.9,2,PH,19.2925868,0.192925868,SLOW,8.4013117,0.084013117,2,189,18.9
162,4,N,H,0,0,12.3,3,NH,19.2925868,0.192925868,SLOW,8.4013117,0.084013117,2,189,18.9
163,1,P,U,0,0,12.3,3,PU,16.7889864,0.167889864,SLOW,2.682509,0.02682509,4,159,15.9
163,2,N,U,170,177,12.6,2,NU,16.7889864,0.167889864,SLOW,2.682509,0.02682509,4,159,15.9
163,3,P,H,0,0,10.9,3,PH,14.3780561,0.143780561,SLOW,1.8413025,0.018413025,4,159,15.9
163,4,N,H,110,160,10,2,NH,14.3780561,0.143780561,SLOW,1.8413025,0.018413025,4,159,15.9
164,1,P,U,0,0,10.4,3,PU,15.9171717,0.159171717,SLOW,22.7272912,0.227272912,4,304,30.4
164,2,N,U,145,194,12,2,NU,15.9171717,0.159171717,SLOW,22.7272912,0.227272912,4,304,30.4
164,3,P,H,0,0,12.4,3,PH,7.5498529,0.075498529,SLOW,18.3605126,0.183605126,4,304,30.4
164,4,N,H,0,0,11.5,3,NH,7.5498529,0.075498529,SLOW,18.3605126,0.183605126,4,304,30.4
165,1,P,U,11,13,11.2,2,PU,0.1769817,0.001769817,SLOW,12.184349,0.12184349,3,278,27.8
165,2,N,U,150,159,10.8,2,NU,0.1769817,0.001769817,SLOW,12.184349,0.12184349,3,278,27.8
165,3,P,H,55,57,12,2,PH,4.95214,0.0495214,SLOW,7.2635838,0.072635838,3,278,27.8
165,4,N,H,0,0,11.5,3,NH,4.95214,0.0495214,SLOW,7.2635838,0.072635838,3,278,27.8
166,1,P,U,0,0,11.2,3,PU,15.4217106,0.154217106,SLOW,12.4369534,0.124369534,2,145,14.5
166,2,N,U,0,0,10.8,3,NU,15.4217106,0.154217106,SLOW,12.4369534,0.124369534,2,145,14.5
166,3,P,H,0,0,10.9,3,PH,24.504517,0.24504517,SLOW,7.8670168,0.078670168,2,145,14.5
166,4,N,H,0,0,12.3,3,NH,24.504517,0.24504517,SLOW,7.8670168,0.078670168,2,145,14.5
167,1,P,U,0,0,12.8,3,PU,13.5202282,0.135202282,SLOW,25.0338408,0.250338408,3,195,19.5
167,2,N,U,0,0,11.3,3,NU,13.5202282,0.135202282,SLOW,25.0338408,0.250338408,3,195,19.5
167,3,P,H,0,0,10.9,3,PH,21.5880152,0.215880152,SLOW,18.3390253,0.183390253,3,195,19.5
167,4,N,H,0,0,9.9,3,NH,21.5880152,0.215880152,SLOW,18.3390253,0.183390253,3,195,19.5
168,1,P,U,70,105,10.1,2,PU,15.4587832,0.154587832,SLOW,15.4673546,0.154673546,2,156,15.6
168,2,N,U,57,64,12.3,2,NU,15.4587832,0.154587832,SLOW,15.4673546,0.154673546,2,156,15.6
168,3,P,H,0,0,12.3,3,PH,22.2138879,0.222138879,SLOW,8.3781214,0.083781214,2,156,15.6
168,4,N,H,93,117,11.6,2,NH,22.2138879,0.222138879,SLOW,8.3781214,0.083781214,2,156,15.6
169,1,P,U,0,51,15.2,2,PU,11.975074,0.11975074,SLOW,23.9636519,0.239636519,2,167,16.7
169,2,N,U,45,75,16.3,2,NU,11.975074,0.11975074,SLOW,23.9636519,0.239636519,2,167,16.7
169,3,P,H,3,4,11.8,1,PH,31.9636504,0.319636504,FAST,9.6992753,0.096992753,2,167,16.7
169,4,N,H,2,3,11.8,1,NH,31.9636504,0.319636504,FAST,9.6992753,0.096992753,2,167,16.7
170,1,P,U,46,51,11.8,2,PU,11.9110631,0.119110631,SLOW,4.7827911,0.047827911,4,193,19.3
170,2,N,U,144,147,15.9,2,NU,11.9110631,0.119110631,SLOW,4.7827911,0.047827911,4,193,19.3
170,3,P,H,75,76,16.9,2,PH,28.9905816,0.289905816,SLOW,5.1262383,0.051262383,4,193,19.3
170,4,N,H,165,168,14.7,2,NH,28.9905816,0.289905816,SLOW,5.1262383,0.051262383,4,193,19.3
171,1,P,U,0,0,14.7,3,PU,7.4098994,0.074098994,SLOW,14.8327662,0.148327662,5,184,18.4
171,2,N,U,155,184,11.6,2,NU,7.4098994,0.074098994,SLOW,14.8327662,0.148327662,5,184,18.4
171,3,P,H,0,0,15.9,3,PH,11.498796,0.11498796,SLOW,10.6702072,0.106702072,5,184,18.4
171,4,N,H,0,0,19,3,NH,11.498796,0.11498796,SLOW,10.6702072,0.106702072,5,184,18.4
172,1,P,U,0,0,19,3,PU,7.1847871,0.071847871,SLOW,11.735515,0.11735515,3,153,15.3
172,2,N,U,15,0,12.6,1,NU,7.1847871,0.071847871,FAST,11.735515,0.11735515,3,153,15.3
172,3,P,H,0,0,11.6,3,PH,10.5256041,0.105256041,SLOW,6.5448727,0.065448727,3,153,15.3
172,4,N,H,7,0,15.2,1,NH,10.5256041,0.105256041,FAST,6.5448727,0.065448727,3,153,15.3
173,1,P,U,14,21,14.6,2,PU,10.3911244,0.103911244,SLOW,19.4313589,0.194313589,2,170,17
173,2,N,U,174,176,17.4,2,NU,10.3911244,0.103911244,SLOW,19.4313589,0.194313589,2,170,17
173,3,P,H,42,46,11.8,2,PH,14.9692969,0.149692969,SLOW,14.2868052,0.142868052,2,170,17
173,4,N,H,16,18,11.8,2,NH,14.9692969,0.149692969,SLOW,14.2868052,0.142868052,2,170,17
174,1,P,U,20,24,11.9,2,PU,10.3308895,0.103308895,SLOW,11.9122463,0.119122463,2,449,44.9
174,2,N,U,70,72,15.5,2,NU,10.3308895,0.103308895,SLOW,11.9122463,0.119122463,2,449,44.9
174,3,P,H,41,49,16.6,2,PH,12.1680933,0.121680933,SLOW,2.6609537,0.026609537,2,449,44.9
174,4,N,H,22,23,13.8,2,NH,12.1680933,0.121680933,SLOW,2.6609537,0.026609537,2,449,44.9
175,1,P,U,48,65,14.1,2,PU,11.9896992,0.119896992,SLOW,15.4159165,0.154159165,2,392,39.2
175,2,N,U,88,96,11.8,2,NU,11.9896992,0.119896992,SLOW,15.4159165,0.154159165,2,392,39.2
175,3,P,H,78,86,17.3,2,PH,9.3172202,0.093172202,SLOW,13.1288333,0.131288333,2,392,39.2
175,4,N,H,53,63,16.3,2,NH,9.3172202,0.093172202,SLOW,13.1288333,0.131288333,2,392,39.2
176,1,P,U,68,72,16.3,2,PU,9.7223438,0.097223438,SLOW,16.0460269,0.160460269,1,164,16.4
176,2,N,U,0,0,11.8,3,NU,9.7223438,0.097223438,SLOW,16.0460269,0.160460269,1,164,16.4
176,3,P,H,0,0,11.8,3,PH,9.9410044,0.099410044,SLOW,7.1812558,0.071812558,1,164,16.4
176,4,N,H,0,0,14.6,3,NH,9.9410044,0.099410044,SLOW,7.1812558,0.071812558,1,164,16.4
177,1,P,U,113,128,14.6,2,PU,11.391731,0.11391731,SLOW,1.0342099,0.010342099,4,175,17.5
177,2,N,U,104,106,16.9,2,NU,11.391731,0.11391731,SLOW,1.0342099,0.010342099,4,175,17.5
177,3,P,H,33,166,11.9,2,PH,16.196803,0.16196803,SLOW,5.3509325,0.053509325,4,175,17.5
177,4,N,H,204,0,11.8,2,NH,16.196803,0.16196803,SLOW,5.3509325,0.053509325,4,175,17.5
178,1,P,U,22,25,11.8,2,PU,10.5014308,0.105014308,SLOW,16.0423568,0.160423568,2,294,29.4
178,2,N,U,30,43,16.2,2,NU,10.5014308,0.105014308,SLOW,16.0423568,0.160423568,2,294,29.4
178,3,P,H,69,72,16.2,2,PH,8.3187679,0.083187679,SLOW,6.0899292,0.060899292,2,294,29.4
178,4,N,H,140,152,13.7,2,NH,8.3187679,0.083187679,SLOW,6.0899292,0.060899292,2,294,29.4
179,1,P,U,18,38,13.7,2,PU,20.0909186,0.200909186,SLOW,14.8888232,0.148888232,2,210,21
179,2,N,U,64,66,11.8,2,NU,20.0909186,0.200909186,SLOW,14.8888232,0.148888232,2,210,21
179,3,P,H,0,0,18,3,PH,8.4259028,0.084259028,SLOW,12.8833153,0.128833153,2,210,21
179,4,N,H,0,0,15.6,3,NH,8.4259028,0.084259028,SLOW,12.8833153,0.128833153,2,210,21
180,1,P,U,93,110,15.6,2,PU,16.604327,0.16604327,SLOW,8.9594915,0.089594915,1,146,14.6
180,2,N,U,9,18,11.8,2,NU,16.604327,0.16604327,SLOW,8.9594915,0.089594915,1,146,14.6
180,3,P,H,132,175,11.8,2,PH,16.213511,0.16213511,SLOW,2.6213351,0.026213351,1,146,14.6
180,4,N,H,117,147,14.6,2,NH,16.213511,0.16213511,SLOW,2.6213351,0.026213351,1,146,14.6
181,1,P,U,154,168,14.1,2,PU,17.1258395,0.171258395,SLOW,8.5255679,0.085255679,2,161,16.1
181,2,N,U,75,87,16.6,2,NU,17.1258395,0.171258395,SLOW,8.5255679,0.085255679,2,161,16.1
181,3,P,H,22,23,11.7,2,PH,8.8172733,0.088172733,SLOW,4.1570172,0.041570172,2,161,16.1
181,4,N,H,140,190,11.7,2,NH,8.8172733,0.088172733,SLOW,4.1570172,0.041570172,2,161,16.1
182,1,P,U,2,5,11.7,1,PU,20.8438623,0.208438623,FAST,6.713453,0.06713453,2,280,28
182,2,N,U,34,35,17.2,2,NU,20.8438623,0.208438623,SLOW,6.713453,0.06713453,2,280,28
182,3,P,H,0,0,16.3,3,PH,12.3431189,0.123431189,SLOW,1.3005173,0.013005173,2,280,28
182,4,N,H,142,144,13.3,2,NH,12.3431189,0.123431189,SLOW,1.3005173,0.013005173,2,280,28
183,1,P,U,35,61,13.5,2,PU,19.8177931,0.198177931,SLOW,18.5346188,0.185346188,2,293,29.3
183,2,N,U,54,56,11.8,2,NU,19.8177931,0.198177931,SLOW,18.5346188,0.185346188,2,293,29.3
183,3,P,H,90,97,16.3,2,PH,27.0221686,0.270221686,SLOW,9.5855903,0.095855903,2,293,29.3
183,4,N,H,62,86,14.5,2,NH,27.0221686,0.270221686,SLOW,9.5855903,0.095855903,2,293,29.3
184,1,P,U,44,46,14.5,2,PU,17.2920895,0.172920895,SLOW,20.2537416,0.202537416,3,178,17.8
184,2,N,U,74,91,11.9,2,NU,17.2920895,0.172920895,SLOW,20.2537416,0.202537416,3,178,17.8
184,3,P,H,0,0,12,3,PH,16.3667279,0.163667279,SLOW,14.9579563,0.149579563,3,178,17.8
184,4,N,H,130,150,15.5,2,NH,16.3667279,0.163667279,SLOW,14.9579563,0.149579563,3,178,17.8
185,1,P,U,0,0,15.3,3,PU,21.1026425,0.211026425,SLOW,3.4727788,0.034727788,2,155,15.5
185,2,N,U,50,65,16,2,NU,21.1026425,0.211026425,SLOW,3.4727788,0.034727788,2,155,15.5
185,3,P,H,113,115,11.4,2,PH,13.5114614,0.135114614,SLOW,0.9291711,0.009291711,2,155,15.5
185,4,N,H,0,0,11.7,3,NH,13.5114614,0.135114614,SLOW,0.9291711,0.009291711,2,155,15.5
186,1,P,U,32,0,11.7,2,PU,21.172956,0.21172956,SLOW,9.944852,0.09944852,2,139,13.9
186,2,N,U,88,0,17,2,NU,21.172956,0.21172956,SLOW,9.944852,0.09944852,2,139,13.9
186,3,P,H,0,0,18.2,3,PH,14.0795455,0.140795455,SLOW,15.9946296,0.159946296,2,139,13.9
186,4,N,H,0,0,12.8,3,NH,14.0795455,0.140795455,SLOW,15.9946296,0.159946296,2,139,13.9
187,1,P,U,0,0,13.1,3,PU,24.8639895,0.248639895,SLOW,9.4313225,0.094313225,4,206,20.6
187,2,N,U,165,168,12,2,NU,24.8639895,0.248639895,SLOW,9.4313225,0.094313225,4,206,20.6
187,3,P,H,0,0,17.4,3,PH,22.9873223,0.229873223,SLOW,5.0973206,0.050973206,4,206,20.6
187,4,N,H,48,54,14.4,2,NH,22.9873223,0.229873223,SLOW,5.0973206,0.050973206,4,206,20.6
188,1,P,U,0,0,14.1,3,PU,21.2771512,0.212771512,SLOW,4.9545824,0.049545824,4,114,11.4
188,2,N,U,0,0,11.7,3,NU,21.2771512,0.212771512,SLOW,4.9545824,0.049545824,4,114,11.4
188,3,P,H,0,0,11.8,3,PH,21.6124418,0.216124418,SLOW,0.4205221,0.004205221,4,114,11.4
188,4,N,H,0,0,16,3,NH,21.6124418,0.216124418,SLOW,0.4205221,0.004205221,4,114,11.4
189,1,P,U,61,106,14.8,2,PU,20.7839226,0.207839226,SLOW,9.1146058,0.091146058,2,271,27.1
189,2,N,U,36,174,10.5,2,NU,20.7839226,0.207839226,SLOW,9.1146058,0.091146058,2,271,27.1
189,3,P,H,19,208,8.2,2,PH,9.1374413,0.091374413,SLOW,3.7113151,0.037113151,2,271,27.1
189,4,N,H,0,0,7.6,3,NH,9.1374413,0.091374413,SLOW,3.7113151,0.037113151,2,271,27.1
190,1,P,U,0,0,7.6,3,PU,20.0052211,0.200052211,SLOW,19.3939945,0.193939945,4,228,22.8
190,2,N,U,91,111,10.5,2,NU,20.0052211,0.200052211,SLOW,19.3939945,0.193939945,4,228,22.8
190,3,P,H,0,0,10.5,3,PH,8.5458344,0.085458344,SLOW,12.4137836,0.124137836,4,228,22.8
190,4,N,H,0,0,10.1,3,NH,8.5458344,0.085458344,SLOW,12.4137836,0.124137836,4,228,22.8
191,1,P,U,21,44,10.3,2,PU,13.6159319,0.136159319,SLOW,10.8647157,0.108647157,1,242,24.2
191,2,N,U,42,62,9.4,2,NU,13.6159319,0.136159319,SLOW,10.8647157,0.108647157,1,242,24.2
191,3,P,H,45,47,10.5,2,PH,9.0499132,0.090499132,SLOW,5.6936987,0.056936987,1,242,24.2
191,4,N,H,61,96,10.6,2,NH,9.0499132,0.090499132,SLOW,5.6936987,0.056936987,1,242,24.2
192,1,P,U,87,95,12.3,2,PU,18.7575169,0.187575169,SLOW,13.0903674,0.130903674,2,568,56.8
192,2,N,U,145,161,10.5,2,NU,18.7575169,0.187575169,SLOW,13.0903674,0.130903674,2,568,56.8
192,3,P,H,10,28,9.8,2,PH,13.2979442,0.132979442,SLOW,4.5568147,0.045568147,2,568,56.8
192,4,N,H,0,0,9.4,3,NH,13.2979442,0.132979442,SLOW,4.5568147,0.045568147,2,568,56.8
193,1,P,U,12,13,9.4,2,PU,17.3564548,0.173564548,SLOW,6.7706036,0.067706036,2,507,50.7
193,2,N,U,22,37,10.5,2,NU,17.3564548,0.173564548,SLOW,6.7706036,0.067706036,2,507,50.7
193,3,P,H,79,95,10.5,2,PH,14.5380811,0.145380811,SLOW,11.1361371,0.111361371,2,507,50.7
193,4,N,H,17,23,9.5,2,NH,14.5380811,0.145380811,SLOW,11.1361371,0.111361371,2,507,50.7
194,1,P,U,32,34,11.2,2,PU,19.4543622,0.194543622,SLOW,4.0098362,0.040098362,1,341,34.1
194,2,N,U,93,101,9.8,2,NU,19.4543622,0.194543622,SLOW,4.0098362,0.040098362,1,341,34.1
194,3,P,H,24,58,10.5,2,PH,10.5180183,0.105180183,SLOW,4.4700855,0.044700855,1,341,34.1
194,4,N,H,22,45,10.7,2,NH,10.5180183,0.105180183,SLOW,4.4700855,0.044700855,1,341,34.1
195,1,P,U,19,44,10.6,2,PU,13.1422008,0.131422008,SLOW,19.0669074,0.190669074,2,231,23.1
195,2,N,U,81,89,8.6,2,NU,13.1422008,0.131422008,SLOW,19.0669074,0.190669074,2,231,23.1
195,3,P,H,0,0,9.6,3,PH,16.3948438,0.163948438,SLOW,2.8407744,0.028407744,2,231,23.1
195,4,N,H,44,52,13.6,2,NH,16.3948438,0.163948438,SLOW,2.8407744,0.028407744,2,231,23.1
196,1,P,U,20,22,11.1,2,PU,8.6018352,0.086018352,SLOW,12.1775009,0.121775009,1,213,21.3
196,2,N,U,22,44,10.7,2,NU,8.6018352,0.086018352,SLOW,12.1775009,0.121775009,1,213,21.3
196,3,P,H,9,12,9.5,2,PH,12.6061448,0.126061448,SLOW,2.3477305,0.023477305,1,213,21.3
196,4,N,H,20,24,9.3,2,NH,12.6061448,0.126061448,SLOW,2.3477305,0.023477305,1,213,21.3
197,1,P,U,25,146,9.3,2,PU,9.866756,0.09866756,SLOW,22.6938502,0.226938502,2,317,31.7
197,2,N,U,66,83,10.5,2,NU,9.866756,0.09866756,SLOW,22.6938502,0.226938502,2,317,31.7
197,3,P,H,0,0,11.2,3,PH,12.6944102,0.126944102,SLOW,1.2901316,0.012901316,2,317,31.7
197,4,N,H,101,120,9.3,2,NH,12.6944102,0.126944102,SLOW,1.2901316,0.012901316,2,317,31.7
198,1,P,U,78,122,9.7,2,PU,11.6573626,0.116573626,SLOW,18.4183285,0.184183285,2,376,37.6
198,2,N,U,0,0,9.4,3,NU,11.6573626,0.116573626,SLOW,18.4183285,0.184183285,2,376,37.6
198,3,P,H,0,0,10.5,3,PH,11.3670353,0.113670353,SLOW,8.3672536,0.083672536,2,376,37.6
198,4,N,H,46,79,10.5,2,NH,11.3670353,0.113670353,SLOW,8.3672536,0.083672536,2,376,37.6
199,1,P,U,8,18,10.7,2,PU,3.5629177,0.035629177,SLOW,10.6662562,0.106662562,3,172,17.2
199,2,N,U,21,33,8.3,2,NU,3.5629177,0.035629177,SLOW,10.6662562,0.106662562,3,172,17.2
199,3,P,H,132,136,8.2,2,PH,9.6468898,0.096468898,SLOW,9.4139899,0.094139899,3,172,17.2
199,4,N,H,39,42,11.9,2,NH,9.6468898,0.096468898,SLOW,9.4139899,0.094139899,3,172,17.2
200,1,P,U,18,0,10.9,1,PU,6.6533344,0.066533344,FAST,26.4129272,0.264129272,4,137,13.7
200,2,N,U,22,194,11.1,2,NU,6.6533344,0.066533344,SLOW,26.4129272,0.264129272,4,137,13.7
200,3,P,H,92,0,9.5,2,PH,15.0423315,0.150423315,SLOW,20.4206566,0.204206566,4,137,13.7
200,4,N,H,0,0,8.8,3,NH,15.0423315,0.150423315,SLOW,20.4206566,0.204206566,4,137,13.7
201,1,P,U,0,0,8.9,3,PU,9.2603309,0.092603309,SLOW,21.6750577,0.216750577,3,128,12.8
201,2,N,U,61,90,10.3,2,NU,9.2603309,0.092603309,SLOW,21.6750577,0.216750577,3,128,12.8
201,3,P,H,60,72,10.8,2,PH,13.1606265,0.131606265,SLOW,13.9365675,0.139365675,3,128,12.8
201,4,N,H,141,154,8.4,2,NH,13.1606265,0.131606265,SLOW,13.9365675,0.139365675,3,128,12.8
202,1,P,U,34,48,9.3,2,PU,17.9928345,0.179928345,SLOW,12.9600593,0.129600593,4,156,15.6
202,2,N,U,33,66,9.3,2,NU,17.9928345,0.179928345,SLOW,12.9600593,0.129600593,4,156,15.6
202,3,P,H,0,0,10.6,3,PH,19.4794072,0.194794072,SLOW,7.6224108,0.076224108,4,156,15.6
202,4,N,H,120,149,10,2,NH,19.4794072,0.194794072,SLOW,7.6224108,0.076224108,4,156,15.6
203,1,P,U,145,169,10.6,2,PU,18.2088945,0.182088945,SLOW,8.5108396,0.085108396,4,138,13.8
203,2,N,U,21,33,8.2,2,NU,18.2088945,0.182088945,SLOW,8.5108396,0.085108396,4,138,13.8
203,3,P,H,56,63,7.7,2,PH,18.2670466,0.182670466,SLOW,9.3324111,0.093324111,4,138,13.8
203,4,N,H,18,20,11,2,NH,18.2670466,0.182670466,SLOW,9.3324111,0.093324111,4,138,13.8
