Individual,Trial,Predator,Circle,Initial ,Total ,Treatment,Scale Time,EscapeResponse,ColourDiffPercent,Colour Diff,Brightness D,Brightness.DifferencePercent,Avg Time,Weber Contrast
1,1,P,B,20,21,PB,2,SLOW,12.1010963,0.121010963,1096.352,1.672925917,20.5,0.139760906
1,2,N,B,14,21,NB,2,SLOW,12.1010963,0.121010963,1096.352,1.672925917,17.5,0.139760906
1,3,P,Y,1,2,PY,1,FAST,3.4063475,0.034063475,10657.59967,16.26245467,1.5,-0.543598892
1,4,N,Y,8,14,NY,2,SLOW,3.4063475,0.034063475,10657.59967,16.26245467,11,-0.543598892
2,1,P,B,5,8,PB,1,FAST,17.7439685,0.177439685,4969.642,7.58318761,6.5,-0.776098205
2,2,N,B,0,0,NB,3,SLOW,17.7439685,0.177439685,4969.642,7.58318761,0,-0.776098205
2,3,P,Y,3,12,PY,1,FAST,4.6304412,0.046304412,18927.13467,28.88095623,7.5,-0.92960005
2,4,N,Y,6,20,NY,2,SLOW,4.6304412,0.046304412,18927.13467,28.88095623,13,-0.92960005
3,1,P,B,2,3,PB,1,FAST,12.3610897,0.123610897,5737.175667,8.754368912,2.5,-0.840480883
3,2,N,B,8,9,NB,1,FAST,12.3610897,0.123610897,5737.175667,8.754368912,8.5,-0.840480883
3,3,P,Y,1,2,PY,1,FAST,3.9567605,0.039567605,18141.50533,27.68216271,1.5,-0.943388061
3,4,N,Y,4,6,NY,1,FAST,3.9567605,0.039567605,18141.50533,27.68216271,5,-0.943388061
4,1,P,B,2,3,PB,1,FAST,15.5064935,0.155064935,4303.830333,6.56722413,2.5,-0.714729101
4,2,N,B,28,31,NB,2,SLOW,15.5064935,0.155064935,4303.830333,6.56722413,29.5,-0.714729101
4,3,P,Y,2,3,PY,1,FAST,2.9811925,0.029811925,17868.58667,27.26571552,2.5,-0.912317312
4,4,N,Y,4,6,NY,1,FAST,2.9811925,0.029811925,17868.58667,27.26571552,5,-0.912317312
5,1,P,B,1,2,PB,1,FAST,15.6411988,0.156411988,1065.091,1.625224689,1.5,0.13588874
5,2,N,B,21,24,NB,2,SLOW,15.6411988,0.156411988,1065.091,1.625224689,22.5,0.13588874
5,3,P,Y,1,2,PY,1,FAST,3.4893419,0.034893419,11339.824,17.30346227,1.5,-0.55988116
5,4,N,Y,13,21,NY,2,SLOW,3.4893419,0.034893419,11339.824,17.30346227,17,-0.55988116
6,1,P,B,2,3,PB,1,FAST,12.7746525,0.127746525,5270.75,8.042648966,2.5,-0.742656086
6,2,N,B,3,4,NB,1,FAST,12.7746525,0.127746525,5270.75,8.042648966,3.5,-0.742656086
6,3,P,Y,1,2,PY,1,FAST,2.6723531,0.026723531,19577.774,29.87376822,1.5,-0.914688191
6,4,N,Y,50,51,NY,2,SLOW,2.6723531,0.026723531,19577.774,29.87376822,50.5,-0.914688191
7,1,P,B,4,5,PB,1,FAST,19.3968196,0.193968196,5391.971333,8.227620864,4.5,-0.799519497
7,2,N,B,3,6,NB,1,FAST,19.3968196,0.193968196,5391.971333,8.227620864,4.5,-0.799519497
7,3,P,Y,14,16,PY,2,SLOW,4.8075345,0.048075345,18121.92667,27.65228758,15,-0.930586852
7,4,N,Y,15,20,NY,2,SLOW,4.8075345,0.048075345,18121.92667,27.65228758,17.5,-0.930586852
8,1,P,B,1,2,PB,1,FAST,15.2797905,0.152797905,4548.798333,6.941021337,1.5,-0.738385656
8,2,N,B,4,5,NB,1,FAST,15.2797905,0.152797905,4548.798333,6.941021337,4.5,-0.738385656
8,3,P,Y,3,4,PY,1,FAST,4.2796878,0.042796878,18941.49467,28.90286819,3.5,-0.921604036
8,4,N,Y,4,6,NY,1,FAST,4.2796878,0.042796878,18941.49467,28.90286819,5,-0.921604036
9,1,P,B,4,7,PB,1,FAST,8.4482034,0.084482034,4524.065667,6.903281707,5.5,-0.644016771
9,2,N,B,7,15,NB,2,SLOW,8.4482034,0.084482034,4524.065667,6.903281707,11,-0.644016771
9,3,P,Y,1,2,PY,1,FAST,7.3158146,0.073158146,18109.259,27.63295796,1.5,-0.878691611
9,4,N,Y,5,20,NY,2,SLOW,7.3158146,0.073158146,18109.259,27.63295796,12.5,-0.878691611
10,1,P,B,1,2,PB,1,FAST,15.0553453,0.150553453,3862.394667,5.893636479,1.5,-0.579542215
10,2,N,B,33,35,NB,2,SLOW,15.0553453,0.150553453,3862.394667,5.893636479,34,-0.579542215
10,3,P,Y,1,2,PY,1,FAST,2.3048625,0.023048625,17524.77,26.74108492,1.5,-0.862180057
10,4,N,Y,1,10,NY,1,FAST,2.3048625,0.023048625,17524.77,26.74108492,5.5,-0.862180057
11,1,P,B,31,32,PB,2,SLOW,29.9566435,0.299566435,5260.77,8.027420462,31.5,-0.889930563
11,2,N,B,84,89,NB,2,SLOW,29.9566435,0.299566435,5260.77,8.027420462,86.5,-0.889930563
11,3,P,Y,2,3,PY,1,FAST,13.865188,0.13865188,18034.05567,27.51820503,2.5,-0.965184147
11,4,N,Y,211,213,NY,2,SLOW,13.865188,0.13865188,18034.05567,27.51820503,212,-0.965184147
12,1,P,B,62,63,PB,2,SLOW,11.9318577,0.119318577,4012.417667,6.122556903,62.5,-0.865831904
12,2,N,B,158,162,NB,2,SLOW,11.9318577,0.119318577,4012.417667,6.122556903,160,-0.865831904
12,3,P,Y,9,13,PY,2,SLOW,8.9495598,0.089495598,17085.406,26.07065843,11,-0.96489512
12,4,N,Y,41,48,NY,2,SLOW,8.9495598,0.089495598,17085.406,26.07065843,44.5,-0.96489512
13,1,P,B,1,2,PB,1,FAST,18.8749061,0.188749061,5657.644667,8.633012385,1.5,-0.86766451
13,2,N,B,15,18,NB,2,SLOW,18.8749061,0.188749061,5657.644667,8.633012385,16.5,-0.86766451
13,3,P,Y,1,2,PY,1,FAST,2.5815567,0.025815567,20589.02933,31.41684494,1.5,-0.959783979
13,4,N,Y,19,21,NY,2,SLOW,2.5815567,0.025815567,20589.02933,31.41684494,20,-0.959783979
14,1,P,B,3,8,PB,1,FAST,6.7920274,0.067920274,20360.122,31.06755474,5.5,2.856427502
14,2,N,B,32,35,NB,2,SLOW,6.7920274,0.067920274,20360.122,31.06755474,33.5,2.856427502
14,3,P,Y,1,2,PY,1,FAST,8.2900274,0.082900274,7826.897,11.94307927,1.5,0.397940385
14,4,N,Y,9,12,NY,2,SLOW,8.2900274,0.082900274,7826.897,11.94307927,10.5,0.397940385
15,1,P,B,5,6,PB,1,FAST,20.1717805,0.201717805,5759.539,8.788493172,5.5,-0.818503736
15,2,N,B,19,21,NB,2,SLOW,20.1717805,0.201717805,5759.539,8.788493172,20,-0.818503736
15,3,P,Y,4,12,PY,1,FAST,5.4061616,0.054061616,19178.83767,29.26503039,8,-0.93758006
15,4,N,Y,84,88,NY,2,SLOW,5.4061616,0.054061616,19178.83767,29.26503039,86,-0.93758006
16,1,P,B,2,3,PB,1,FAST,20.0503976,0.200503976,3458.315333,5.27705094,2.5,-0.706933384
16,2,N,B,57,67,NB,2,SLOW,20.0503976,0.200503976,3458.315333,5.27705094,62,-0.706933384
16,3,P,Y,2,3,PY,1,FAST,1.8942028,0.018942028,16961.92433,25.88223748,2.5,-0.922085535
16,4,N,Y,27,29,NY,2,SLOW,1.8942028,0.018942028,16961.92433,25.88223748,28,-0.922085535
17,1,P,B,17,20,PB,2,SLOW,9.6536037,0.096536037,5383.808333,8.215164925,18.5,-0.823497844
17,2,N,B,51,58,NB,2,SLOW,9.6536037,0.096536037,5383.808333,8.215164925,54.5,-0.823497844
17,3,P,Y,31,36,PY,2,SLOW,7.1316525,0.071316525,17036.012,25.99528801,33.5,-0.936575051
17,4,N,Y,17,27,NY,2,SLOW,7.1316525,0.071316525,17036.012,25.99528801,22,-0.936575051
18,1,P,B,3,4,PB,1,FAST,24.9288266,0.249288266,4775.267,7.286590372,3.5,-0.758048901
18,2,N,B,29,32,NB,2,SLOW,24.9288266,0.249288266,4775.267,7.286590372,30.5,-0.758048901
18,3,P,Y,1,2,PY,1,FAST,8.6778959,0.086778959,17354.61667,26.48144757,1.5,-0.919286368
18,4,N,Y,29,35,NY,2,SLOW,8.6778959,0.086778959,17354.61667,26.48144757,32,-0.919286368
19,1,P,B,11,22,PB,2,SLOW,16.9373039,0.169373039,5087.962667,7.763733374,16.5,-0.854440085
19,2,N,B,17,40,NB,2,SLOW,16.9373039,0.169373039,5087.962667,7.763733374,28.5,-0.854440085
19,3,P,Y,1,2,PY,1,FAST,3.8521204,0.038521204,17323.04133,26.4332667,1.5,-0.952358562
19,4,N,Y,125,130,NY,2,SLOW,3.8521204,0.038521204,17323.04133,26.4332667,127.5,-0.952358562
20,1,P,B,2,3,PB,1,FAST,9.1023376,0.091023376,2634.940667,4.020661733,2.5,-0.604036411
20,2,N,B,4,6,NB,1,FAST,9.1023376,0.091023376,2634.940667,4.020661733,5,-0.604036411
20,3,P,Y,1,2,PY,1,FAST,14.0671159,0.140671159,16928.77867,25.83166044,1.5,-0.907441373
20,4,N,Y,3,4,NY,1,FAST,14.0671159,0.140671159,16928.77867,25.83166044,3.5,-0.907441373
21,1,P,B,1,2,PB,1,FAST,22.6889111,0.226889111,5231.475,7.982719158,1.5,-0.712145148
21,2,N,B,2,6,NB,1,FAST,22.6889111,0.226889111,5231.475,7.982719158,4,-0.712145148
21,3,P,Y,2,3,PY,1,FAST,8.5636314,0.085636314,16739.98733,25.54358333,2.5,-0.887872303
21,4,N,Y,29,32,NY,2,SLOW,8.5636314,0.085636314,16739.98733,25.54358333,30.5,-0.887872303
23,1,P,B,4,5,PB,1,FAST,12.0406026,0.120406026,5854.95,8.934081025,4.5,-0.823399079
23,2,N,B,2,3,NB,1,FAST,12.0406026,0.120406026,5854.95,8.934081025,2.5,-0.823399079
23,3,P,Y,3,4,PY,1,FAST,5.4148758,0.054148758,19018.44233,29.0202828,3.5,-0.938072775
23,4,N,Y,3,4,NY,1,FAST,5.4148758,0.054148758,19018.44233,29.0202828,3.5,-0.938072775
24,1,P,B,2,3,PB,1,FAST,21.460103,0.21460103,3383.992333,5.163641311,2.5,-0.755296637
24,2,N,B,1,2,NB,1,FAST,21.460103,0.21460103,3383.992333,5.163641311,1.5,-0.755296637
24,3,P,Y,2,3,PY,1,FAST,2.0014083,0.020014083,17563.82867,26.80068462,2.5,-0.941263815
24,4,N,Y,3,14,NY,1,FAST,2.0014083,0.020014083,17563.82867,26.80068462,8.5,-0.941263815
25,1,P,B,1,3,PB,1,FAST,24.9441758,0.249441758,699.4383333,1.067274484,2,0.12593852
25,2,N,B,13,16,NB,2,SLOW,24.9441758,0.249441758,699.4383333,1.067274484,14.5,0.12593852
25,3,P,Y,15,20,PY,2,SLOW,6.9793832,0.069793832,12571.77233,19.18329493,17.5,-0.667325982
25,4,N,Y,22,28,NY,2,SLOW,6.9793832,0.069793832,12571.77233,19.18329493,25,-0.667325982
26,1,P,B,8,11,PB,1,FAST,16.0851614,0.160851614,4031.231667,6.151265227,9.5,-0.769387979
26,2,N,B,1,2,NB,1,FAST,16.0851614,0.160851614,4031.231667,6.151265227,1.5,-0.769387979
26,3,P,Y,5,6,PY,1,FAST,6.4747943,0.064747943,17696.802,27.00358892,5.5,-0.936103055
26,4,N,Y,24,27,NY,2,SLOW,6.4747943,0.064747943,17696.802,27.00358892,25.5,-0.936103055
27,1,P,B,8,12,PB,1,FAST,22.85259,0.2285259,4076.117333,6.219756364,10,-0.697512908
27,2,N,B,16,26,NB,2,SLOW,22.85259,0.2285259,4076.117333,6.219756364,21,-0.697512908
27,3,P,Y,3,4,PY,1,FAST,7.9246133,0.079246133,16175.97667,24.68295822,3.5,-0.901512923
27,4,N,Y,155,166,NY,2,SLOW,7.9246133,0.079246133,16175.97667,24.68295822,160.5,-0.901512923
28,1,P,B,8,10,PB,1,FAST,21.6806142,0.216806142,2067.009667,3.154054576,9,-0.600540515
28,2,N,B,20,22,NB,2,SLOW,21.6806142,0.216806142,2067.009667,3.154054576,21,-0.600540515
28,3,P,Y,3,8,PY,1,FAST,10.0171362,0.100171362,18899.603,28.8389456,5.5,-0.932216371
28,4,N,Y,28,35,NY,2,SLOW,10.0171362,0.100171362,18899.603,28.8389456,31.5,-0.932216371
29,1,P,B,10,11,PB,2,SLOW,23.3417825,0.233417825,2819.500667,4.302282241,10.5,-0.553729619
29,2,N,B,9,10,NB,1,FAST,23.3417825,0.233417825,2819.500667,4.302282241,9.5,-0.553729619
29,3,P,Y,1,2,PY,1,FAST,7.0290551,0.070290551,15277.322,23.31169909,1.5,-0.870562584
29,4,N,Y,35,36,NY,2,SLOW,7.0290551,0.070290551,15277.322,23.31169909,35.5,-0.870562584
30,1,P,B,5,6,PB,1,FAST,9.8063154,0.098063154,4696.803667,7.166862999,5.5,-0.8420247
30,2,N,B,6,8,NB,1,FAST,9.8063154,0.098063154,4696.803667,7.166862999,7,-0.8420247
30,3,P,Y,1,2,PY,1,FAST,16.7766061,0.167766061,20243.34,30.88935683,1.5,-0.958295477
30,4,N,Y,18,27,NY,2,SLOW,16.7766061,0.167766061,20243.34,30.88935683,22.5,-0.958295477
31,1,P,B,22,23,PB,2,SLOW,12.1115439,0.121115439,3545.367333,5.409883777,22.5,-0.65342651
31,2,N,B,44,46,NB,2,SLOW,12.1115439,0.121115439,3545.367333,5.409883777,45,-0.65342651
31,3,P,Y,42,44,PY,2,SLOW,9.3140697,0.093140697,18097.283,27.61468376,43,-0.905896593
31,4,N,Y,16,19,NY,2,SLOW,9.3140697,0.093140697,18097.283,27.61468376,17.5,-0.905896593
32,1,P,B,11,12,PB,2,SLOW,20.6204605,0.206204605,4502.461667,6.870316116,11.5,-0.846039615
32,2,N,B,31,34,NB,2,SLOW,20.6204605,0.206204605,4502.461667,6.870316116,32.5,-0.846039615
32,3,P,Y,4,8,PY,1,FAST,5.2359342,0.052359342,16673.681,25.44240635,6,-0.953172153
32,4,N,Y,46,48,NY,2,SLOW,5.2359342,0.052359342,16673.681,25.44240635,47,-0.953172153
33,1,P,B,1,2,PB,1,FAST,18.8826967,0.188826967,4388.330667,6.696163373,1.5,-0.683627972
33,2,N,B,5,7,NB,1,FAST,18.8826967,0.188826967,4388.330667,6.696163373,6,-0.683627972
33,3,P,Y,1,2,PY,1,FAST,4.6046301,0.046046301,15455.49333,23.58357112,1.5,-0.883887799
33,4,N,Y,7,11,NY,1,FAST,4.6046301,0.046046301,15455.49333,23.58357112,9,-0.883887799
34,1,P,B,1,2,PB,1,FAST,11.3952151,0.113952151,4292.377,6.549747463,1.5,-0.74428711
34,2,N,B,2,3,NB,1,FAST,11.3952151,0.113952151,4292.377,6.549747463,2.5,-0.74428711
34,3,P,Y,1,2,PY,1,FAST,8.414523,0.08414523,17714.89633,27.0311991,1.5,-0.92316731
34,4,N,Y,46,48,NY,2,SLOW,8.414523,0.08414523,17714.89633,27.0311991,47,-0.92316731
35,1,P,B,2,3,PB,1,FAST,29.2638218,0.292638218,4165.46,6.356084535,2.5,-0.865741441
35,2,N,B,2,3,NB,1,FAST,29.2638218,0.292638218,4165.46,6.356084535,2.5,-0.865741441
35,3,P,Y,1,2,PY,1,FAST,8.4551214,0.084551214,17779.57633,27.12989446,1.5,-0.964950832
35,4,N,Y,2,3,NY,1,FAST,8.4551214,0.084551214,17779.57633,27.12989446,2.5,-0.964950832
36,1,P,B,17,18,PB,2,SLOW,18.4491905,0.184491905,4090.044667,6.241008113,17.5,-0.744514311
36,2,N,B,2,4,NB,1,FAST,18.4491905,0.184491905,4090.044667,6.241008113,3,-0.744514311
36,3,P,Y,2,3,PY,1,FAST,0.4750873,0.004750873,18018.14033,27.49391979,2.5,-0.927753207
36,4,N,Y,28,37,NY,2,SLOW,0.4750873,0.004750873,18018.14033,27.49391979,32.5,-0.927753207
37,1,P,B,1,2,PB,1,FAST,7.3512914,0.073512914,3328.652,5.079197375,1.5,-0.532766664
37,2,N,B,16,17,NB,2,SLOW,7.3512914,0.073512914,3328.652,5.079197375,16.5,-0.532766664
37,3,P,Y,2,6,PY,1,FAST,10.0015296,0.100015296,14417.687,21.99998016,4,-0.831654386
37,4,N,Y,33,35,NY,2,SLOW,10.0015296,0.100015296,14417.687,21.99998016,34,-0.831654386
38,1,P,B,2,4,PB,1,FAST,14.1046312,0.141046312,454.776,0.693943694,3,0.077772035
38,2,N,B,4,7,NB,1,FAST,14.1046312,0.141046312,454.776,0.693943694,5.5,0.077772035
38,3,P,Y,7,8,PY,1,FAST,4.4199761,0.044199761,12745.76867,19.44879632,7.5,-0.66873282
38,4,N,Y,11,17,NY,2,SLOW,4.4199761,0.044199761,12745.76867,19.44879632,14,-0.66873282
40,1,P,B,1,2,PB,1,FAST,17.2158853,0.172158853,4105.451667,6.264517688,1.5,-0.766577628
40,2,N,B,1,2,NB,1,FAST,17.2158853,0.172158853,4105.451667,6.264517688,1.5,-0.766577628
40,3,P,Y,1,2,PY,1,FAST,3.7346981,0.037346981,17901.95233,27.31662826,1.5,-0.934743929
40,4,N,Y,11,15,NY,2,SLOW,3.7346981,0.037346981,17901.95233,27.31662826,13,-0.934743929
41,1,P,B,1,2,PB,1,FAST,10.0153512,0.100153512,6579.852667,10.04021159,1.5,-0.784166881
41,2,N,B,1,2,NB,1,FAST,10.0153512,0.100153512,6579.852667,10.04021159,1.5,-0.784166881
41,3,P,Y,1,3,PY,1,FAST,1.920554,0.01920554,15545.903,23.72152743,2,-0.895673088
41,4,N,Y,5,8,NY,1,FAST,1.920554,0.01920554,15545.903,23.72152743,6.5,-0.895673088
42,1,P,B,1,2,PB,1,FAST,20.2361132,0.202361132,4424.285,6.751026169,1.5,-0.80947215
42,2,N,B,22,27,NB,2,SLOW,20.2361132,0.202361132,4424.285,6.751026169,24.5,-0.80947215
42,3,P,Y,1,2,PY,1,FAST,9.7935585,0.097935585,19847.01,30.28459602,1.5,-0.950158726
42,4,N,Y,1,2,NY,1,FAST,9.7935585,0.097935585,19847.01,30.28459602,1.5,-0.950158726
43,1,P,B,3,4,PB,1,FAST,25.1855842,0.251855842,2174.148667,3.317538211,3.5,-0.446726202
43,2,N,B,19,22,NB,2,SLOW,25.1855842,0.251855842,2174.148667,3.317538211,20.5,-0.446726202
43,3,P,Y,1,2,PY,1,FAST,3.3995469,0.033995469,18889.134,28.82297093,1.5,-0.875297463
43,4,N,Y,8,11,NY,1,FAST,3.3995469,0.033995469,18889.134,28.82297093,9.5,-0.875297463
45,1,P,B,1,2,PB,1,FAST,2.5284814,0.025284814,4423.79,6.750270848,1.5,-0.694586061
45,2,N,B,14,16,NB,2,SLOW,2.5284814,0.025284814,4423.79,6.750270848,15,-0.694586061
45,3,P,Y,1,2,PY,1,FAST,13.8572043,0.138572043,15733.51167,24.0077999,1.5,-0.889990628
45,4,N,Y,8,10,NY,1,FAST,13.8572043,0.138572043,15733.51167,24.0077999,9,-0.889990628
46,1,P,B,3,4,PB,1,FAST,16.7744418,0.167744418,2241.756667,3.420701406,3.5,0.417180428
46,2,N,B,2,3,NB,1,FAST,16.7744418,0.167744418,2241.756667,3.420701406,2.5,0.417180428
46,3,P,Y,1,2,PY,1,FAST,2.8365466,0.028365466,12939.95867,19.74511126,1.5,-0.629427553
46,4,N,Y,10,27,NY,2,SLOW,2.8365466,0.028365466,12939.95867,19.74511126,18.5,-0.629427553
47,1,P,B,1,2,PB,1,FAST,20.3280514,0.203280514,4429.787667,6.7594227,1.5,0.931271289
47,2,N,B,1,3,NB,1,FAST,20.3280514,0.203280514,4429.787667,6.7594227,2,0.931271289
47,3,P,Y,1,2,PY,1,FAST,1.6841969,0.016841969,10957.233,16.71966583,1.5,-0.543901794
47,4,N,Y,3,4,NY,1,FAST,1.6841969,0.016841969,10957.233,16.71966583,3.5,-0.543901794
49,1,P,B,1,2,PB,1,FAST,19.3584402,0.193584402,3398.322333,5.18550749,1.5,-0.830723744
49,2,N,B,42,44,NB,2,SLOW,19.3584402,0.193584402,3398.322333,5.18550749,43,-0.830723744
49,3,P,Y,1,2,PY,1,FAST,2.3641285,0.023641285,17214.97267,26.26836449,1.5,-0.961340833
49,4,N,Y,4,5,NY,1,FAST,2.3641285,0.023641285,17214.97267,26.26836449,4.5,-0.961340833
50,1,P,B,1,2,PB,1,FAST,12.6775263,0.126775263,2698.533667,4.117698431,1.5,-0.535666007
50,2,N,B,2,8,NB,1,FAST,12.6775263,0.126775263,2698.533667,4.117698431,5,-0.535666007
50,3,P,Y,1,2,PY,1,FAST,6.3687001,0.063687001,11858.71767,18.09524325,1.5,-0.835287952
50,4,N,Y,2,3,NY,1,FAST,6.3687001,0.063687001,11858.71767,18.09524325,2.5,-0.835287952
51,1,P,B,1,2,PB,1,FAST,11.8100376,0.118100376,2503.056,3.819418631,1.5,-0.529616433
51,2,N,B,20,21,NB,2,SLOW,11.8100376,0.118100376,2503.056,3.819418631,20.5,-0.529616433
51,3,P,Y,2,3,PY,1,FAST,8.0878736,0.080878736,12877.48,19.64977493,2.5,-0.852822372
51,4,N,Y,1,2,NY,1,FAST,8.0878736,0.080878736,12877.48,19.64977493,1.5,-0.852822372
52,1,P,B,2,3,PB,1,FAST,23.2581212,0.232581212,2584.859333,3.944242517,2.5,-0.622383843
52,2,N,B,2,6,NB,1,FAST,23.2581212,0.232581212,2584.859333,3.944242517,4,-0.622383843
52,3,P,Y,1,2,PY,1,FAST,4.9756934,0.049756934,10212.60933,15.58344294,1.5,-0.866920497
52,4,N,Y,5,6,NY,1,FAST,4.9756934,0.049756934,10212.60933,15.58344294,5.5,-0.866920497
53,1,P,B,1,2,PB,1,FAST,23.3211544,0.233211544,1349.337,2.058956283,1.5,-0.353586175
53,2,N,B,80,82,NB,2,SLOW,23.3211544,0.233211544,1349.337,2.058956283,81,-0.353586175
53,3,P,Y,1,2,PY,1,FAST,3.6090631,0.036090631,15744.63333,24.02477048,1.5,-0.864624504
53,4,N,Y,84,89,NY,2,SLOW,3.6090631,0.036090631,15744.63333,24.02477048,86.5,-0.864624504
54,1,P,B,1,2,PB,1,FAST,10.8532685,0.108532685,2265.169667,3.456427354,1.5,-0.439567859
54,2,N,B,1,2,NB,1,FAST,10.8532685,0.108532685,2265.169667,3.456427354,1.5,-0.439567859
54,3,P,Y,1,2,PY,1,FAST,8.2583317,0.082583317,9572.401667,14.60654866,1.5,-0.768289964
54,4,N,Y,1,4,NY,1,FAST,8.2583317,0.082583317,9572.401667,14.60654866,2.5,-0.768289964
55,1,P,B,2,3,PB,1,FAST,13.8000468,0.138000468,1535.916667,2.343658605,2.5,-0.343378691
55,2,N,B,1,2,NB,1,FAST,13.8000468,0.138000468,1535.916667,2.343658605,1.5,-0.343378691
55,3,P,Y,2,4,PY,1,FAST,7.4837533,0.074837533,8068.489333,12.31172554,3,-0.733235061
55,4,N,Y,1,2,NY,1,FAST,7.4837533,0.074837533,8068.489333,12.31172554,1.5,-0.733235061
56,1,P,B,3,8,PB,1,FAST,11.9265896,0.119265896,2981.089,4.548850233,5.5,-0.657176367
56,2,N,B,20,24,NB,2,SLOW,11.9265896,0.119265896,2981.089,4.548850233,22,-0.657176367
56,3,P,Y,2,8,PY,1,FAST,8.5453582,0.085453582,9655.636333,14.73355662,5,-0.86131834
56,4,N,Y,3,6,NY,1,FAST,8.5453582,0.085453582,9655.636333,14.73355662,4.5,-0.86131834
57,1,P,B,1,3,PB,1,FAST,23.8109431,0.238109431,1589.271667,2.425073116,2,-0.35473491
57,2,N,B,1,2,NB,1,FAST,23.8109431,0.238109431,1589.271667,2.425073116,1.5,-0.35473491
57,3,P,Y,3,4,PY,1,FAST,5.1509207,0.051509207,15417.07167,23.52494341,3.5,-0.842183073
57,4,N,Y,15,16,NY,2,SLOW,5.1509207,0.051509207,15417.07167,23.52494341,15.5,-0.842183073
58,1,P,B,11,13,PB,2,SLOW,16.3012994,0.163012994,1719.283667,2.623458712,12,-0.374002202
58,2,N,B,180,190,NB,2,SLOW,16.3012994,0.163012994,1719.283667,2.623458712,185,-0.374002202
58,3,P,Y,1,2,PY,1,FAST,3.8446007,0.038446007,7774.618,11.86330663,1.5,-0.729955932
58,4,N,Y,98,100,NY,2,SLOW,3.8446007,0.038446007,7774.618,11.86330663,99,-0.729955932
59,1,P,B,1,2,PB,1,FAST,8.4720457,0.084720457,2272.030333,3.466896061,1.5,-0.461861272
59,2,N,B,1,2,NB,1,FAST,8.4720457,0.084720457,2272.030333,3.466896061,1.5,-0.461861272
59,3,P,Y,2,7,PY,1,FAST,11.8306479,0.118306479,8707.901,13.2874052,4.5,-0.766931268
59,4,N,Y,153,155,NY,2,SLOW,11.8306479,0.118306479,8707.901,13.2874052,154,-0.766931268
60,1,P,B,1,2,PB,1,FAST,18.7876407,0.187876407,7635.327,11.65076219,1.5,1.95018925
60,2,N,B,18,24,NB,2,SLOW,18.7876407,0.187876407,7635.327,11.65076219,21,1.95018925
60,3,P,Y,2,3,PY,1,FAST,2.6130109,0.026130109,3773.884667,5.758578876,2.5,-0.246272126
60,4,N,Y,34,36,NY,2,SLOW,2.6130109,0.026130109,3773.884667,5.758578876,35,-0.246272126
61,1,P,B,52,55,PB,2,SLOW,26.2683218,0.262683218,7.569,0.011549554,53.5,0.001835278
61,2,N,B,264,266,NB,2,SLOW,26.2683218,0.262683218,7.569,0.011549554,265,0.001835278
61,3,P,Y,31,35,PY,2,SLOW,9.5961968,0.095961968,11562.42333,17.64312708,33,-0.704228068
61,4,N,Y,26,0,NY,2,SLOW,9.5961968,0.095961968,11562.42333,17.64312708,13,-0.704228068
62,1,P,B,1,2,PB,1,FAST,12.7864977,0.127864977,2069.695,3.158152132,1.5,-0.444205038
62,2,N,B,85,88,NB,2,SLOW,12.7864977,0.127864977,2069.695,3.158152132,86.5,-0.444205038
62,3,P,Y,1,2,PY,1,FAST,6.4208448,0.064208448,14701.84833,22.43358256,1.5,-0.850285393
62,4,N,Y,20,22,NY,2,SLOW,6.4208448,0.064208448,14701.84833,22.43358256,21,-0.850285393
63,1,P,B,1,2,PB,1,FAST,13.2770767,0.132770767,2054.177,3.134473182,1.5,-0.443286597
63,2,N,B,2,3,NB,1,FAST,13.2770767,0.132770767,2054.177,3.134473182,2.5,-0.443286597
63,3,P,Y,1,2,PY,1,FAST,6.6868315,0.066868315,8421.404667,12.85023982,1.5,-0.765575599
63,4,N,Y,1,2,NY,1,FAST,6.6868315,0.066868315,8421.404667,12.85023982,1.5,-0.765575599
64,1,P,B,15,16,PB,2,SLOW,21.4347748,0.214347748,5186.033,7.91337911,15.5,1.418474179
64,2,N,B,121,123,NB,2,SLOW,21.4347748,0.214347748,5186.033,7.91337911,122,1.418474179
64,3,P,Y,3,7,PY,1,FAST,3.0217989,0.030217989,9253.476333,14.1198998,5,-0.511343973
64,4,N,Y,60,63,NY,2,SLOW,3.0217989,0.030217989,9253.476333,14.1198998,61.5,-0.511343973
66,1,P,B,1,2,PB,1,FAST,11.8213653,0.118213653,2619.041667,3.996401414,1.5,-0.594436118
66,2,N,B,10,12,NB,2,SLOW,11.8213653,0.118213653,2619.041667,3.996401414,11,-0.594436118
66,3,P,Y,2,3,PY,1,FAST,8.1539077,0.081539077,16516.175,25.2020676,2.5,-0.902399132
66,4,N,Y,4,6,NY,1,FAST,8.1539077,0.081539077,16516.175,25.2020676,5,-0.902399132
67,1,P,B,3,11,PB,1,FAST,17.5918175,0.175918175,3422.421667,5.222280715,7,0.70051697
67,2,N,B,23,24,NB,2,SLOW,17.5918175,0.175918175,3422.421667,5.222280715,23.5,0.70051697
67,3,P,Y,1,3,PY,1,FAST,1.3313734,0.013313734,7535.024,11.49770962,2,-0.475543228
67,4,N,Y,4,5,NY,1,FAST,1.3313734,0.013313734,7535.024,11.49770962,4.5,-0.475543228
68,1,P,B,3,5,PB,1,FAST,14.427116,0.14427116,219.979,0.335666438,4,0.037099852
68,2,N,B,1,4,NB,1,FAST,14.427116,0.14427116,219.979,0.335666438,2.5,0.037099852
68,3,P,Y,2,3,PY,1,FAST,4.2633608,0.042633608,12236.60067,18.67185575,2.5,-0.664671253
68,4,N,Y,24,35,NY,2,SLOW,4.2633608,0.042633608,12236.60067,18.67185575,29.5,-0.664671253
69,1,P,B,2,4,PB,1,FAST,22.1607721,0.221607721,2132.011667,3.253241271,3,-0.471621652
69,2,N,B,15,17,NB,2,SLOW,22.1607721,0.221607721,2132.011667,3.253241271,16,-0.471621652
69,3,P,Y,2,3,PY,1,FAST,4.3126505,0.043126505,12959.28133,19.77459576,2.5,-0.844430484
69,4,N,Y,19,21,NY,2,SLOW,4.3126505,0.043126505,12959.28133,19.77459576,20,-0.844430484
70,1,P,B,1,2,PB,1,FAST,17.6142397,0.176142397,2230.572333,3.403635208,1.5,0.480368244
70,2,N,B,1,4,NB,1,FAST,17.6142397,0.176142397,2230.572333,3.403635208,2.5,0.480368244
70,3,P,Y,1,2,PY,1,FAST,2.2455637,0.022455637,8063.443667,12.30402635,1.5,-0.539728717
70,4,N,Y,25,26,NY,2,SLOW,2.2455637,0.022455637,8063.443667,12.30402635,25.5,-0.539728717
71,1,P,B,1,2,PB,1,FAST,7.7772633,0.077772633,989.449,1.509802396,1.5,-0.235394323
71,2,N,B,1,2,NB,1,FAST,7.7772633,0.077772633,989.449,1.509802396,1.5,-0.235394323
71,3,P,Y,1,3,PY,1,FAST,14.1196341,0.141196341,7389.926667,11.27630528,2,-0.697021583
71,4,N,Y,2,4,NY,1,FAST,14.1196341,0.141196341,7389.926667,11.27630528,3,-0.697021583
72,1,P,B,3,4,PB,1,FAST,10.1289748,0.101289748,4927.247,7.518496986,3.5,-0.736196202
72,2,N,B,1,17,NB,1,FAST,10.1289748,0.101289748,4927.247,7.518496986,9,-0.736196202
72,3,P,Y,1,2,PY,1,FAST,7.5600354,0.075600354,17713.19667,27.02860558,1.5,-0.909377499
72,4,N,Y,1,2,NY,1,FAST,7.5600354,0.075600354,17713.19667,27.02860558,1.5,-0.909377499
73,1,P,B,1,2,PB,1,FAST,20.3029958,0.203029958,5442.850333,8.305257242,1.5,1.295013498
73,2,N,B,1,2,NB,1,FAST,20.3029958,0.203029958,5442.850333,8.305257242,1.5,1.295013498
73,3,P,Y,1,2,PY,1,FAST,2.6340783,0.026340783,9557.079,14.58316777,1.5,-0.497661849
73,4,N,Y,1,2,NY,1,FAST,2.6340783,0.026340783,9557.079,14.58316777,1.5,-0.497661849
74,1,P,B,10,12,PB,2,SLOW,16.1409419,0.161409419,1599.719,2.441014725,11,-0.407241936
74,2,N,B,1,2,NB,1,FAST,16.1409419,0.161409419,1599.719,2.441014725,1.5,-0.407241936
74,3,P,Y,1,2,PY,1,FAST,6.8462318,0.068462318,19218.19933,29.32509244,1.5,-0.891978517
74,4,N,Y,1,5,NY,1,FAST,6.8462318,0.068462318,19218.19933,29.32509244,3,-0.891978517
75,1,P,B,1,5,PB,1,FAST,24.7029366,0.247029366,3014.569667,4.599938455,3,-0.670219412
75,2,N,B,8,9,NB,1,FAST,24.7029366,0.247029366,3014.569667,4.599938455,8.5,-0.670219412
75,3,P,Y,2,5,PY,1,FAST,6.9397947,0.069397947,16080.06333,24.53660385,3.5,-0.915571703
75,4,N,Y,1,2,NY,1,FAST,6.9397947,0.069397947,16080.06333,24.53660385,1.5,-0.915571703
76,1,P,B,1,2,PB,1,FAST,18.4671062,0.184671062,10230.516,15.61076677,1.5,2.918871934
76,2,N,B,1,2,NB,1,FAST,18.4671062,0.184671062,10230.516,15.61076677,1.5,2.918871934
76,3,P,Y,1,2,PY,1,FAST,3.389586,0.03389586,4594.932667,7.011417817,1.5,-0.250691236
76,4,N,Y,1,2,NY,1,FAST,3.389586,0.03389586,4594.932667,7.011417817,1.5,-0.250691236
77,1,P,B,1,2,PB,1,FAST,18.5442055,0.185442055,3187.721333,4.864150963,1.5,0.69452807
77,2,N,B,1,2,NB,1,FAST,18.5442055,0.185442055,3187.721333,4.864150963,1.5,0.69452807
77,3,P,Y,1,2,PY,1,FAST,3.4467965,0.034467965,10955.056,16.71634394,1.5,-0.584764733
77,4,N,Y,25,27,NY,2,SLOW,3.4467965,0.034467965,10955.056,16.71634394,26,-0.584764733
78,1,P,B,11,12,PB,2,SLOW,23.6794693,0.236794693,2578.386667,3.93436586,11.5,-0.453438936
78,2,N,B,1,2,NB,1,FAST,23.6794693,0.236794693,2578.386667,3.93436586,1.5,-0.453438936
78,3,P,Y,1,2,PY,1,FAST,5.1034722,0.051034722,16695.56867,25.47580479,1.5,-0.843129648
78,4,N,Y,4,7,NY,1,FAST,5.1034722,0.051034722,16695.56867,25.47580479,5.5,-0.843129648
79,1,P,B,2,3,PB,1,FAST,21.3993108,0.213993108,2923.111,4.460381476,2.5,-0.650654534
79,2,N,B,1,2,NB,1,FAST,21.3993108,0.213993108,2923.111,4.460381476,1.5,-0.650654534
79,3,P,Y,1,2,PY,1,FAST,4.1637597,0.041637597,16555.23767,25.26167341,1.5,-0.913434961
79,4,N,Y,267,269,NY,2,SLOW,4.1637597,0.041637597,16555.23767,25.26167341,268,-0.913434961
80,1,P,B,1,2,PB,1,FAST,25.0655131,0.250655131,1821.416,2.779302663,1.5,-0.411881216
80,2,N,B,2,3,NB,1,FAST,25.0655131,0.250655131,1821.416,2.779302663,2.5,-0.411881216
80,3,P,Y,2,3,PY,1,FAST,5.6102881,0.056102881,15293.489,23.33636835,2.5,-0.854731419
80,4,N,Y,1,2,NY,1,FAST,5.6102881,0.056102881,15293.489,23.33636835,1.5,-0.854731419
81,1,P,B,1,2,PB,1,FAST,24.4469281,0.244469281,1282.096,1.956353094,1.5,-0.325479944
81,2,N,B,1,2,NB,1,FAST,24.4469281,0.244469281,1282.096,1.956353094,1.5,-0.325479944
81,3,P,Y,1,2,PY,1,FAST,3.4992736,0.034992736,16118.56233,24.59534956,1.5,-0.85858017
81,4,N,Y,1,2,NY,1,FAST,3.4992736,0.034992736,16118.56233,24.59534956,1.5,-0.85858017
82,1,P,B,23,32,PB,2,SLOW,13.8028075,0.138028075,3937.198667,6.007780067,27.5,-0.625307769
82,2,N,B,14,16,NB,2,SLOW,13.8028075,0.138028075,3937.198667,6.007780067,15,-0.625307769
82,3,P,Y,8,10,PY,1,FAST,6.0053407,0.060053407,17784.342,27.1371664,9,-0.882911834
82,4,N,Y,20,23,NY,2,SLOW,6.0053407,0.060053407,17784.342,27.1371664,21.5,-0.882911834
83,1,P,B,4,5,PB,1,FAST,18.4888694,0.184888694,3402.49,5.191866941,4.5,-0.731056346
83,2,N,B,25,26,NB,2,SLOW,18.4888694,0.184888694,3402.49,5.191866941,25.5,-0.731056346
83,3,P,Y,1,2,PY,1,FAST,1.96993,0.0196993,17501.439,26.70548409,1.5,-0.933271497
83,4,N,Y,1,2,NY,1,FAST,1.96993,0.0196993,17501.439,26.70548409,1.5,-0.933271497
84,1,P,B,1,2,PB,1,FAST,27.2352562,0.272352562,3333.354,5.086372168,1.5,-0.711612257
84,2,N,B,12,13,NB,2,SLOW,27.2352562,0.272352562,3333.354,5.086372168,12.5,-0.711612257
84,3,P,Y,2,3,PY,1,FAST,6.6800284,0.066800284,17230.159,26.29153735,2.5,-0.927321196
84,4,N,Y,52,54,NY,2,SLOW,6.6800284,0.066800284,17230.159,26.29153735,53,-0.927321196
86,1,P,B,2,4,PB,1,FAST,20.1193501,0.201193501,8.711333333,0.013292643,3,0.001749711
86,2,N,B,8,9,NB,1,FAST,20.1193501,0.201193501,8.711333333,0.013292643,8.5,0.001749711
86,3,P,Y,1,6,PY,1,FAST,3.9116659,0.039116659,14880.78833,22.7066275,3.5,-0.725724428
86,4,N,Y,44,46,NY,2,SLOW,3.9116659,0.039116659,14880.78833,22.7066275,45,-0.725724428
87,1,P,B,1,3,PB,1,FAST,20.9403375,0.209403375,2667.118333,4.069761705,2,0.645334578
87,2,N,B,1,4,NB,1,FAST,20.9403375,0.209403375,2667.118333,4.069761705,2.5,0.645334578
87,3,P,Y,6,9,PY,1,FAST,3.5681887,0.035681887,11664.57867,17.79900613,7.5,-0.631657687
87,4,N,Y,5,9,NY,1,FAST,3.5681887,0.035681887,11664.57867,17.79900613,7,-0.631657687
88,1,P,B,2,4,PB,1,FAST,16.6723468,0.166723468,1877.780667,2.865309631,3,-0.426277775
88,2,N,B,12,13,NB,2,SLOW,16.6723468,0.166723468,1877.780667,2.865309631,12.5,-0.426277775
88,3,P,Y,1,3,PY,1,FAST,4.4469959,0.044469959,15909.95033,24.27702805,2,-0.862981852
88,4,N,Y,11,15,NY,2,SLOW,4.4469959,0.044469959,15909.95033,24.27702805,13,-0.862981852
89,1,P,B,11,12,PB,2,SLOW,18.202531,0.18202531,635.2316667,0.969301391,11.5,0.173200453
89,2,N,B,8,10,NB,1,FAST,18.202531,0.18202531,635.2316667,0.969301391,9,0.173200453
89,3,P,Y,1,2,PY,1,FAST,2.4480341,0.024480341,15279.07567,23.31437502,1.5,-0.780075084
89,4,N,Y,1,5,NY,1,FAST,2.4480341,0.024480341,15279.07567,23.31437502,3,-0.780075084
90,1,P,B,1,2,PB,1,FAST,19.9303238,0.199303238,3065.429,4.677544823,1.5,-0.767844744
90,2,N,B,9,10,NB,1,FAST,19.9303238,0.199303238,3065.429,4.677544823,9.5,-0.767844744
90,3,P,Y,1,2,PY,1,FAST,2.0198693,0.020198693,17539.345,26.76332494,1.5,-0.949824274
90,4,N,Y,33,35,NY,2,SLOW,2.0198693,0.020198693,17539.345,26.76332494,34,-0.949824274
91,1,P,B,2,3,PB,1,FAST,29.5417765,0.295417765,1713.187333,2.614156303,2.5,-0.382132249
91,2,N,B,17,18,NB,2,SLOW,29.5417765,0.295417765,1713.187333,2.614156303,17.5,-0.382132249
91,3,P,Y,2,3,PY,1,FAST,9.8931852,0.098931852,15699.198,23.9554406,2.5,-0.850106477
91,4,N,Y,83,84,NY,2,SLOW,9.8931852,0.098931852,15699.198,23.9554406,83.5,-0.850106477
92,1,P,B,2,3,PB,1,FAST,30.2608455,0.302608455,2535.253,3.868548104,2.5,-0.544917443
92,2,N,B,13,14,NB,2,SLOW,30.2608455,0.302608455,2535.253,3.868548104,13.5,-0.544917443
92,3,P,Y,2,3,PY,1,FAST,10.4542012,0.104542012,16353.91667,24.95447725,2.5,-0.885421087
92,4,N,Y,8,11,NY,1,FAST,10.4542012,0.104542012,16353.91667,24.95447725,9.5,-0.885421087
93,1,P,B,1,3,PB,1,FAST,17.0871224,0.170871224,1100.04,1.678553445,2,-0.297573891
93,2,N,B,1,2,NB,1,FAST,17.0871224,0.170871224,1100.04,1.678553445,1.5,-0.297573891
93,3,P,Y,1,3,PY,1,FAST,5.7928077,0.057928077,14910.18133,22.75147834,2,-0.851756341
93,4,N,Y,1,2,NY,1,FAST,5.7928077,0.057928077,14910.18133,22.75147834,1.5,-0.851756341
94,1,P,B,1,2,PB,1,FAST,29.420005,0.29420005,2200.991,3.358496986,1.5,-0.533454588
94,2,N,B,1,2,NB,1,FAST,29.420005,0.29420005,2200.991,3.358496986,1.5,-0.533454588
94,3,P,Y,1,2,PY,1,FAST,8.597798,0.08597798,16886.735,25.76750591,1.5,-0.897719279
94,4,N,Y,1,3,NY,1,FAST,8.597798,0.08597798,16886.735,25.76750591,2,-0.897719279
95,1,P,B,2,3,PB,1,FAST,25.5424053,0.255424053,929.669,1.418583963,2.5,-0.228684904
95,2,N,B,70,73,NB,2,SLOW,25.5424053,0.255424053,929.669,1.418583963,71.5,-0.228684904
95,3,P,Y,2,3,PY,1,FAST,5.2572276,0.052572276,14527.376,22.16735485,2.5,-0.822638899
95,4,N,Y,135,136,NY,2,SLOW,5.2572276,0.052572276,14527.376,22.16735485,135.5,-0.822638899
96,1,P,B,2,5,PB,1,FAST,22.0662185,0.220662185,1076.491,1.642619974,3.5,-0.237635264
96,2,N,B,32,35,NB,2,SLOW,22.0662185,0.220662185,1076.491,1.642619974,33.5,-0.237635264
96,3,P,Y,2,3,PY,1,FAST,5.1637064,0.051637064,13948.01633,21.28330866,2.5,-0.801682193
96,4,N,Y,1,2,NY,1,FAST,5.1637064,0.051637064,13948.01633,21.28330866,1.5,-0.801682193
97,1,P,B,1,2,PB,1,FAST,28.7295393,0.287295393,898.742,1.371392386,1.5,-0.208484305
97,2,N,B,1,2,NB,1,FAST,28.7295393,0.287295393,898.742,1.371392386,1.5,-0.208484305
97,3,P,Y,1,4,PY,1,FAST,9.8138807,0.098138807,15741.64167,24.02020549,2.5,-0.822042916
97,4,N,Y,4,6,NY,1,FAST,9.8138807,0.098138807,15741.64167,24.02020549,5,-0.822042916
98,1,P,B,1,2,PB,1,FAST,15.9486241,0.159486241,2494.326,3.806097505,1.5,-0.565752606
98,2,N,B,1,2,NB,1,FAST,15.9486241,0.159486241,2494.326,3.806097505,1.5,-0.565752606
98,3,P,Y,1,2,PY,1,FAST,4.8214548,0.048214548,16511.18067,25.19444673,1.5,-0.896128907
98,4,N,Y,10,11,NY,2,SLOW,4.8214548,0.048214548,16511.18067,25.19444673,10.5,-0.896128907
99,1,P,B,2,3,PB,1,FAST,19.4431787,0.194431787,3942.826333,6.016367336,2.5,-0.795546547
99,2,N,B,16,18,NB,2,SLOW,19.4431787,0.194431787,3942.826333,6.016367336,17,-0.795546547
99,3,P,Y,2,3,PY,1,FAST,5.2206373,0.052206373,16610.58033,25.3461209,2.5,-0.942519566
99,4,N,Y,18,21,NY,2,SLOW,5.2206373,0.052206373,16610.58033,25.3461209,19.5,-0.942519566
100,1,P,B,50,51,PB,2,SLOW,14.013457,0.14013457,3502.754,5.344859998,50.5,-0.758940776
100,2,N,B,0,0,NB,3,SLOW,14.013457,0.14013457,3502.754,5.344859998,0,-0.758940776
100,3,P,Y,13,32,PY,2,SLOW,6.9343886,0.069343886,16129.68767,24.61232573,22.5,-0.935491469
100,4,N,Y,0,0,NY,3,SLOW,6.9343886,0.069343886,16129.68767,24.61232573,0,-0.935491469
101,1,P,B,1,2,PB,1,FAST,23.7459187,0.237459187,2121.843667,3.237725897,1.5,-0.486281527
101,2,N,B,230,234,NB,2,SLOW,23.7459187,0.237459187,2121.843667,3.237725897,232,-0.486281527
101,3,P,Y,56,59,PY,2,SLOW,3.7258777,0.037258777,16658.951,25.41992981,57.5,-0.881453135
101,4,N,Y,288,290,NY,2,SLOW,3.7258777,0.037258777,16658.951,25.41992981,289,-0.881453135
102,1,P,B,1,2,PB,1,FAST,20.2409864,0.202409864,2151.957667,3.283676916,1.5,-0.494795537
102,2,N,B,11,12,NB,2,SLOW,20.2409864,0.202409864,2151.957667,3.283676916,11.5,-0.494795537
102,3,P,Y,1,10,PY,1,FAST,2.1727557,0.021727557,16033.26433,24.46519315,5.5,-0.879522487
102,4,N,Y,5,10,NY,1,FAST,2.1727557,0.021727557,16033.26433,24.46519315,7.5,-0.879522487
103,1,P,B,1,2,PB,1,FAST,21.2500774,0.212500774,3121.497,4.763099107,1.5,-0.661984485
103,2,N,B,67,68,NB,2,SLOW,21.2500774,0.212500774,3121.497,4.763099107,67.5,-0.661984485
103,3,P,Y,1,3,PY,1,FAST,1.5389402,0.015389402,17735.30967,27.06234785,2,-0.917566636
103,4,N,Y,1,13,NY,1,FAST,1.5389402,0.015389402,17735.30967,27.06234785,7,-0.917566636
104,1,P,B,14,15,PB,2,SLOW,13.1780077,0.131780077,1971.399333,3.008162559,14.5,-0.432537787
104,2,N,B,12,19,NB,2,SLOW,13.1780077,0.131780077,1971.399333,3.008162559,15.5,-0.432537787
104,3,P,Y,2,3,PY,1,FAST,7.5661206,0.075661206,16006.48433,24.42432949,2.5,-0.860944167
104,4,N,Y,9,13,NY,2,SLOW,7.5661206,0.075661206,16006.48433,24.42432949,11,-0.860944167
105,1,P,B,1,10,PB,1,FAST,23.3577776,0.233577776,3145.238667,4.799326569,5.5,-0.761960285
105,2,N,B,14,17,NB,2,SLOW,23.3577776,0.233577776,3145.238667,4.799326569,15.5,-0.761960285
105,3,P,Y,1,2,PY,1,FAST,2.8170622,0.028170622,17014.399,25.96230869,1.5,-0.945418645
105,4,N,Y,60,63,NY,2,SLOW,2.8170622,0.028170622,17014.399,25.96230869,61.5,-0.945418645
106,1,P,B,1,2,PB,1,FAST,20.69356,0.2069356,3331.139,5.082992294,1.5,-0.687317079
106,2,N,B,5,7,NB,1,FAST,20.69356,0.2069356,3331.139,5.082992294,6,-0.687317079
106,3,P,Y,1,2,PY,1,FAST,1.1963187,0.011963187,18300.376,27.92458381,1.5,-0.923546039
106,4,N,Y,22,24,NY,2,SLOW,1.1963187,0.011963187,18300.376,27.92458381,23,-0.923546039
107,1,P,B,2,3,PB,1,FAST,23.2898963,0.232898963,1333.086667,2.034159864,2.5,-0.276325191
107,2,N,B,0,0,NB,3,SLOW,23.2898963,0.232898963,1333.086667,2.034159864,0,-0.276325191
107,3,P,Y,12,22,PY,2,SLOW,5.4171333,0.054171333,15721.184,23.98898909,17,-0.818402247
107,4,N,Y,271,276,NY,2,SLOW,5.4171333,0.054171333,15721.184,23.98898909,273.5,-0.818402247
108,1,P,B,6,7,PB,1,FAST,17.4485771,0.174485771,1703.629333,2.59957173,6.5,-0.358344456
108,2,N,B,13,14,NB,2,SLOW,17.4485771,0.174485771,1703.629333,2.59957173,13.5,-0.358344456
108,3,P,Y,1,2,PY,1,FAST,3.6090338,0.036090338,15168.24433,23.14525724,1.5,-0.832639068
108,4,N,Y,7,11,NY,1,FAST,3.6090338,0.036090338,15168.24433,23.14525724,9,-0.832639068
109,1,P,B,1,2,PB,1,FAST,26.3809691,0.263809691,2116.528,3.22961471,1.5,-0.48530917
109,2,N,B,7,9,NB,1,FAST,26.3809691,0.263809691,2116.528,3.22961471,8,-0.48530917
109,3,P,Y,1,3,PY,1,FAST,7.0068105,0.070068105,17470.02367,26.65754737,2,-0.886192927
109,4,N,Y,1,4,NY,1,FAST,7.0068105,0.070068105,17470.02367,26.65754737,2.5,-0.886192927
110,1,P,B,1,11,PB,1,FAST,30.244526,0.30244526,2141.880667,3.268300399,6,-0.453837277
110,2,N,B,16,23,NB,2,SLOW,30.244526,0.30244526,2141.880667,3.268300399,19.5,-0.453837277
110,3,P,Y,1,2,PY,1,FAST,11.2113773,0.112113773,15214.341,23.21559625,1.5,-0.855195169
110,4,N,Y,4,21,NY,2,SLOW,11.2113773,0.112113773,15214.341,23.21559625,12.5,-0.855195169
111,1,P,B,1,2,PB,1,FAST,21.4175642,0.214175642,3631.942333,5.541988759,1.5,-0.755961989
111,2,N,B,1,2,NB,1,FAST,21.4175642,0.214175642,3631.942333,5.541988759,1.5,-0.755961989
111,3,P,Y,1,2,PY,1,FAST,1.3873607,0.013873607,17514.74733,26.72579131,1.5,-0.937276332
111,4,N,Y,5,6,NY,1,FAST,1.3873607,0.013873607,17514.74733,26.72579131,5.5,-0.937276332
112,1,P,B,2,3,PB,1,FAST,14.0809136,0.140809136,2563.012,3.910905623,2.5,-0.566840349
112,2,N,B,12,13,NB,2,SLOW,14.0809136,0.140809136,2563.012,3.910905623,12.5,-0.566840349
112,3,P,Y,1,3,PY,1,FAST,7.2106939,0.072106939,16598.58933,25.32782381,2,-0.894490947
112,4,N,Y,17,18,NY,2,SLOW,7.2106939,0.072106939,16598.58933,25.32782381,17.5,-0.894490947
113,1,P,B,1,2,PB,1,FAST,7.8550322,0.078550322,4004.519333,6.110504819,1.5,-0.788608901
113,2,N,B,1,2,NB,1,FAST,7.8550322,0.078550322,4004.519333,6.110504819,1.5,-0.788608901
113,3,P,Y,1,2,PY,1,FAST,12.2823123,0.122823123,17772.088,27.11846799,1.5,-0.94305369
113,4,N,Y,1,2,NY,1,FAST,12.2823123,0.122823123,17772.088,27.11846799,1.5,-0.94305369
114,1,P,B,1,10,PB,1,FAST,23.4048698,0.234048698,549.463,0.838426795,5.5,-0.115792123
114,2,N,B,1,12,NB,1,FAST,23.4048698,0.234048698,549.463,0.838426795,6.5,-0.115792123
114,3,P,Y,1,6,PY,1,FAST,4.8373354,0.048373354,14368.67,21.92518502,3.5,-0.774342905
114,4,N,Y,22,24,NY,2,SLOW,4.8373354,0.048373354,14368.67,21.92518502,23,-0.774342905
115,1,P,B,1,2,PB,1,FAST,18.3389422,0.183389422,896.6336667,1.368175275,1.5,0.18399383
115,2,N,B,21,22,NB,2,SLOW,18.3389422,0.183389422,896.6336667,1.368175275,21.5,0.18399383
115,3,P,Y,2,3,PY,1,FAST,1.3687113,0.013687113,12763.05633,19.47517561,2.5,-0.688447888
115,4,N,Y,6,7,NY,1,FAST,1.3687113,0.013687113,12763.05633,19.47517561,6.5,-0.688447888
116,1,P,B,2,3,PB,1,FAST,21.613428,0.21613428,2303.931333,3.515573866,2.5,-0.518443816
116,2,N,B,12,17,NB,2,SLOW,21.613428,0.21613428,2303.931333,3.515573866,14.5,-0.518443816
116,3,P,Y,1,2,PY,1,FAST,3.1737023,0.031737023,16689.584,25.46667277,1.5,-0.886393088
116,4,N,Y,8,9,NY,1,FAST,3.1737023,0.031737023,16689.584,25.46667277,8.5,-0.886393088
117,1,P,B,1,3,PB,1,FAST,18.825087,0.18825087,123.1706667,0.18794639,2,-0.02638925
117,2,N,B,1,2,NB,1,FAST,18.825087,0.18825087,123.1706667,0.18794639,1.5,-0.02638925
117,3,P,Y,1,11,PY,1,FAST,0.7666276,0.007666276,14494.215,22.11675441,6,-0.762742107
117,4,N,Y,0,0,NY,3,SLOW,0.7666276,0.007666276,14494.215,22.11675441,0,-0.762742107
118,1,P,B,1,2,PB,1,FAST,20.4198568,0.204198568,8488.144333,12.95207802,1.5,1.75728709
118,2,N,B,1,2,NB,1,FAST,20.4198568,0.204198568,8488.144333,12.95207802,1.5,1.75728709
118,3,P,Y,1,2,PY,1,FAST,1.6042421,0.016042421,6181.876333,9.432938633,1.5,-0.316988815
118,4,N,Y,1,2,NY,1,FAST,1.6042421,0.016042421,6181.876333,9.432938633,1.5,-0.316988815
119,1,P,B,1,15,PB,1,FAST,14.3799281,0.143799281,3196.459667,4.877484805,8,-0.672475416
119,2,N,B,3,34,NB,2,SLOW,14.3799281,0.143799281,3196.459667,4.877484805,18.5,-0.672475416
119,3,P,Y,1,2,PY,1,FAST,6.0045484,0.060045484,17012.462,25.95935302,1.5,-0.916185606
119,4,N,Y,10,12,NY,2,SLOW,6.0045484,0.060045484,17012.462,25.95935302,11,-0.916185606
120,1,P,B,1,2,PB,1,FAST,23.1046904,0.231046904,404.0193333,0.616493985,1.5,0.08868231
120,2,N,B,69,72,NB,2,SLOW,23.1046904,0.231046904,404.0193333,0.616493985,70.5,0.08868231
120,3,P,Y,3,11,PY,1,FAST,2.6370336,0.026370336,14043.84267,21.42953028,7,-0.738464794
120,4,N,Y,1,11,NY,1,FAST,2.6370336,0.026370336,14043.84267,21.42953028,6,-0.738464794
121,1,P,B,1,2,PB,1,FAST,8.7978484,0.087978484,3003.084333,4.58241296,1.5,-0.589027512
121,2,N,B,41,43,NB,2,SLOW,8.7978484,0.087978484,3003.084333,4.58241296,42,-0.589027512
121,3,P,Y,1,2,PY,1,FAST,11.3553681,0.113553681,15663.59333,23.90111137,1.5,-0.882045996
121,4,N,Y,7,9,NY,1,FAST,11.3553681,0.113553681,15663.59333,23.90111137,8,-0.882045996
122,1,P,B,1,2,PB,1,FAST,10.5247817,0.105247817,987.9356667,1.507493197,1.5,0.165713686
122,2,N,B,10,11,NB,2,SLOW,10.5247817,0.105247817,987.9356667,1.507493197,10.5,0.165713686
122,3,P,Y,1,2,PY,1,FAST,6.4853099,0.064853099,9599.915333,14.64853183,1.5,-0.579958232
122,4,N,Y,1,3,NY,1,FAST,6.4853099,0.064853099,9599.915333,14.64853183,2,-0.579958232
124,1,P,B,1,2,PB,1,FAST,18.3726093,0.183726093,2049.726,3.127681392,1.5,-0.464977757
124,2,N,B,3,4,NB,1,FAST,18.3726093,0.183726093,2049.726,3.127681392,3.5,-0.464977757
124,3,P,Y,2,3,PY,1,FAST,5.7741856,0.057741856,13573.83833,20.71234964,2.5,-0.852028207
124,4,N,Y,1,2,NY,1,FAST,5.7741856,0.057741856,13573.83833,20.71234964,1.5,-0.852028207
125,1,P,B,1,2,PB,1,FAST,14.4745774,0.144745774,3034.882667,4.630934106,1.5,-0.609798487
125,2,N,B,7,9,NB,1,FAST,14.4745774,0.144745774,3034.882667,4.630934106,8,-0.609798487
125,3,P,Y,1,2,PY,1,FAST,6.0319519,0.060319519,15509.374,23.66578775,1.5,-0.888753785
125,4,N,Y,17,19,NY,2,SLOW,6.0319519,0.060319519,15509.374,23.66578775,18,-0.888753785
126,1,P,B,1,2,PB,1,FAST,14.154833,0.14154833,1302.485333,1.987465222,1.5,-0.266502742
126,2,N,B,1,9,NB,1,FAST,14.154833,0.14154833,1302.485333,1.987465222,5,-0.266502742
126,3,P,Y,1,2,PY,1,FAST,4.2243568,0.042243568,13330.83567,20.34155133,1.5,-0.788177329
126,4,N,Y,1,2,NY,1,FAST,4.2243568,0.042243568,13330.83567,20.34155133,1.5,-0.788177329
127,1,P,B,2,33,PB,2,SLOW,26.3488587,0.263488587,2739.019667,4.179476107,17.5,-0.596878167
127,2,N,B,1,23,NB,2,SLOW,26.3488587,0.263488587,2739.019667,4.179476107,12,-0.596878167
127,3,P,Y,2,22,PY,2,SLOW,5.7650237,0.057650237,15238.25733,23.25209023,12,-0.8917848
127,4,N,Y,100,0,NY,2,SLOW,5.7650237,0.057650237,15238.25733,23.25209023,20.5,-0.8917848
128,1,P,B,1,2,PB,1,FAST,11.8885396,0.118885396,3088.832667,4.71325653,1.5,-0.619592328
128,2,N,B,7,8,NB,1,FAST,11.8885396,0.118885396,3088.832667,4.71325653,7.5,-0.619592328
128,3,P,Y,1,2,PY,1,FAST,8.6899039,0.086899039,15573.67533,23.76390529,1.5,-0.891477418
128,4,N,Y,4,5,NY,1,FAST,8.6899039,0.086899039,15573.67533,23.76390529,4.5,-0.891477418
129,1,P,B,1,2,PB,1,FAST,10.6257908,0.106257908,3341.791333,5.099246713,1.5,-0.753455724
129,2,N,B,1,15,NB,1,FAST,10.6257908,0.106257908,3341.791333,5.099246713,8,-0.753455724
129,3,P,Y,1,2,PY,1,FAST,10.1779028,0.101779028,16624.70467,25.36767325,1.5,-0.938299501
129,4,N,Y,1,2,NY,1,FAST,10.1779028,0.101779028,16624.70467,25.36767325,1.5,-0.938299501
130,1,P,B,1,2,PB,1,FAST,9.9380409,0.099380409,3304.919667,5.042984156,1.5,-0.712173081
130,2,N,B,13,14,NB,2,SLOW,9.9380409,0.099380409,3304.919667,5.042984156,13.5,-0.712173081
130,3,P,Y,2,3,PY,1,FAST,10.8355735,0.108355735,16094.23267,24.55822487,2.5,-0.923387607
130,4,N,Y,43,44,NY,2,SLOW,10.8355735,0.108355735,16094.23267,24.55822487,43.5,-0.923387607
131,1,P,B,2,3,PB,1,FAST,23.33024,0.2333024,223.805,0.34150454,2.5,0.048922536
131,2,N,B,11,12,NB,2,SLOW,23.33024,0.2333024,223.805,0.34150454,11.5,0.048922536
131,3,P,Y,1,2,PY,1,FAST,3.8528128,0.038528128,11938.316,18.21670253,1.5,-0.712321051
131,4,N,Y,38,40,NY,2,SLOW,3.8528128,0.038528128,11938.316,18.21670253,39,-0.712321051
132,1,P,B,1,2,PB,1,FAST,13.3406576,0.133406576,3321.31,5.067994202,1.5,-0.807672546
132,2,N,B,1,3,NB,1,FAST,13.3406576,0.133406576,3321.31,5.067994202,2,-0.807672546
132,3,P,Y,1,2,PY,1,FAST,8.7827405,0.087827405,16957.65567,25.87572391,1.5,-0.955451061
132,4,N,Y,1,2,NY,1,FAST,8.7827405,0.087827405,16957.65567,25.87572391,1.5,-0.955451061
133,1,P,B,1,5,PB,1,FAST,21.4109942,0.214109942,4014.827333,6.126233819,3,-0.829346362
133,2,N,B,123,124,NB,2,SLOW,21.4109942,0.214109942,4014.827333,6.126233819,123.5,-0.829346362
133,3,P,Y,2,21,PY,2,SLOW,4.1307994,0.041307994,16236.39933,24.7751573,11.5,-0.951594242
133,4,N,Y,1,2,NY,1,FAST,4.1307994,0.041307994,16236.39933,24.7751573,1.5,-0.951594242
134,1,P,B,1,2,PB,1,FAST,18.6022099,0.186022099,3084.655667,4.706882836,1.5,-0.80061918
134,2,N,B,240,241,NB,2,SLOW,18.6022099,0.186022099,3084.655667,4.706882836,240.5,-0.80061918
134,3,P,Y,1,2,PY,1,FAST,7.3830877,0.073830877,15782.294,24.08223697,1.5,-0.953599657
134,4,N,Y,32,33,NY,2,SLOW,7.3830877,0.073830877,15782.294,24.08223697,32.5,-0.953599657
135,1,P,B,1,11,PB,1,FAST,25.6217706,0.256217706,6483.661333,9.893433026,6,2.081812561
135,2,N,B,17,18,NB,2,SLOW,25.6217706,0.256217706,6483.661333,9.893433026,17.5,2.081812561
135,3,P,Y,1,2,PY,1,FAST,3.6843332,0.036843332,7065.512667,10.78128125,1.5,-0.424001789
135,4,N,Y,2,3,NY,1,FAST,3.6843332,0.036843332,7065.512667,10.78128125,2.5,-0.424001789
137,1,P,B,1,2,PB,1,FAST,15.4303582,0.154303582,2746.921,4.191532769,1.5,-0.562953556
137,2,N,B,1,2,NB,1,FAST,15.4303582,0.154303582,2746.921,4.191532769,1.5,-0.562953556
137,3,P,Y,2,3,PY,1,FAST,4.3062982,0.043062982,14190.81667,21.65379822,2.5,-0.869393803
137,4,N,Y,1,2,NY,1,FAST,4.3062982,0.043062982,14190.81667,21.65379822,1.5,-0.869393803
139,1,P,B,1,2,PB,1,FAST,19.280214,0.19280214,1890.724,2.885059892,1.5,-0.318694966
139,2,N,B,23,26,NB,2,SLOW,19.280214,0.19280214,1890.724,2.885059892,24.5,-0.318694966
139,3,P,Y,2,3,PY,1,FAST,2.885612,0.02885612,13331.931,20.34322271,2.5,-0.767465987
139,4,N,Y,19,22,NY,2,SLOW,2.885612,0.02885612,13331.931,20.34322271,20.5,-0.767465987
140,1,P,B,1,2,PB,1,FAST,20.8604689,0.208604689,3442.387333,5.25274637,1.5,-0.842674922
140,2,N,B,18,20,NB,2,SLOW,20.8604689,0.208604689,3442.387333,5.25274637,19,-0.842674922
140,3,P,Y,1,3,PY,1,FAST,11.3139385,0.113139385,17549.508,26.77883268,2,-0.964682241
140,4,N,Y,7,9,NY,1,FAST,11.3139385,0.113139385,17549.508,26.77883268,8,-0.964682241
141,1,P,B,1,2,PB,1,FAST,15.4891581,0.154891581,2963.205,4.521560998,1.5,-0.662398529
141,2,N,B,1,2,NB,1,FAST,15.4891581,0.154891581,2963.205,4.521560998,1.5,-0.662398529
141,3,P,Y,2,4,PY,1,FAST,4.4865445,0.044865445,14906.85467,22.74640218,3,-0.908034179
141,4,N,Y,1,2,NY,1,FAST,4.4865445,0.044865445,14906.85467,22.74640218,1.5,-0.908034179
142,1,P,B,1,2,PB,1,FAST,4.6128107,0.046128107,4454.789667,6.797573307,1.5,-0.93044278
142,2,N,B,18,19,NB,2,SLOW,4.6128107,0.046128107,4454.789667,6.797573307,18.5,-0.93044278
142,3,P,Y,1,2,PY,1,FAST,17.406231,0.17406231,14791.43233,22.57027899,1.5,-0.977985764
142,4,N,Y,1,2,NY,1,FAST,17.406231,0.17406231,14791.43233,22.57027899,1.5,-0.977985764
143,1,P,B,82,109,PB,2,SLOW,14.5430725,0.145430725,2317.112667,3.535687292,95.5,-0.490944572
143,2,N,B,59,0,NB,2,SLOW,14.5430725,0.145430725,2317.112667,3.535687292,29.5,-0.490944572
143,3,P,Y,2,53,PY,2,SLOW,4.0499397,0.040499397,17569.738,26.80970169,27.5,-0.879744018
143,4,N,Y,2,0,NY,1,FAST,4.0499397,0.040499397,17569.738,26.80970169,1,-0.879744018
144,1,P,B,8,10,PB,1,FAST,19.5292022,0.195292022,1569.58,2.395025559,9,-0.388301334
144,2,N,B,10,12,NB,2,SLOW,19.5292022,0.195292022,1569.58,2.395025559,11,-0.388301334
144,3,P,Y,2,6,PY,1,FAST,2.5936662,0.025936662,10810.404,16.49561913,4,-0.813942628
144,4,N,Y,17,18,NY,2,SLOW,2.5936662,0.025936662,10810.404,16.49561913,17.5,-0.813942628
145,1,P,B,20,22,PB,2,SLOW,7.1382058,0.071382058,4657.36,7.106675822,21,-0.785649555
145,2,N,B,221,224,NB,2,SLOW,7.1382058,0.071382058,4657.36,7.106675822,222.5,-0.785649555
145,3,P,Y,1,2,PY,1,FAST,9.8724008,0.098724008,16392.21433,25.01291574,1.5,-0.928072648
145,4,N,Y,248,253,NY,2,SLOW,9.8724008,0.098724008,16392.21433,25.01291574,250.5,-0.928072648
146,1,P,B,4,22,PB,2,SLOW,25.1178187,0.251178187,1733.832667,2.645659063,13,-0.437759119
146,2,N,B,39,53,NB,2,SLOW,25.1178187,0.251178187,1733.832667,2.645659063,46,-0.437759119
146,3,P,Y,1,2,PY,1,FAST,4.1960275,0.041960275,15917.946,24.28922866,1.5,-0.877334597
146,4,N,Y,3,6,NY,1,FAST,4.1960275,0.041960275,15917.946,24.28922866,4.5,-0.877334597
147,1,P,B,65,69,PB,2,SLOW,14.6140287,0.146140287,3469.428667,5.294008799,67,-0.754852518
147,2,N,B,0,0,NB,3,SLOW,14.6140287,0.146140287,3469.428667,5.294008799,0,-0.754852518
147,3,P,Y,1,4,PY,1,FAST,7.3287618,0.073287618,15998.463,24.41208972,2.5,-0.934223445
147,4,N,Y,155,0,NY,2,SLOW,7.3287618,0.073287618,15998.463,24.41208972,77.5,-0.934223445
148,1,P,B,3,4,PB,1,FAST,24.1306967,0.241306967,2640.485667,4.029122861,3.5,-0.733925383
148,2,N,B,300,303,NB,2,SLOW,24.1306967,0.241306967,2640.485667,4.029122861,301.5,-0.733925383
148,3,P,Y,4,5,PY,1,FAST,1.6950111,0.016950111,10373.04433,15.82825106,4.5,-0.915538876
148,4,N,Y,50,55,NY,2,SLOW,1.6950111,0.016950111,10373.04433,15.82825106,52.5,-0.915538876
149,1,P,B,1,2,PB,1,FAST,17.2201013,0.172201013,4324.653,6.598997482,1.5,-0.777891678
149,2,N,B,8,13,NB,2,SLOW,17.2201013,0.172201013,4324.653,6.598997482,10.5,-0.777891678
149,3,P,Y,1,2,PY,1,FAST,3.8605122,0.038605122,16585.96267,25.30855675,1.5,-0.930724489
149,4,N,Y,5,6,NY,1,FAST,3.8605122,0.038605122,16585.96267,25.30855675,5.5,-0.930724489
150,1,P,B,1,2,PB,1,FAST,15.4327567,0.154327567,3040.379333,4.639321482,1.5,-0.658381879
150,2,N,B,60,64,NB,2,SLOW,15.4327567,0.154327567,3040.379333,4.639321482,62,-0.658381879
150,3,P,Y,1,2,PY,1,FAST,7.2798633,0.072798633,15370.958,23.45457847,1.5,-0.906948062
150,4,N,Y,3,14,NY,1,FAST,7.2798633,0.072798633,15370.958,23.45457847,8.5,-0.906948062
151,1,P,B,43,44,PB,2,SLOW,13.3367589,0.133367589,1435.906,2.19105211,43.5,-0.356076253
151,2,N,B,84,92,NB,2,SLOW,13.3367589,0.133367589,1435.906,2.19105211,88,-0.356076253
151,3,P,Y,3,12,PY,1,FAST,9.3529424,0.093529424,9491.838333,14.4836169,7.5,-0.785283329
151,4,N,Y,280,284,NY,2,SLOW,9.3529424,0.093529424,9491.838333,14.4836169,282,-0.785283329
152,1,P,B,12,13,PB,2,SLOW,18.74648,0.1874648,1799.084667,2.745227232,12.5,-0.430589615
152,2,N,B,21,24,NB,2,SLOW,18.74648,0.1874648,1799.084667,2.745227232,22.5,-0.430589615
152,3,P,Y,3,4,PY,1,FAST,3.9361386,0.039361386,12067.18433,18.413343,3.5,-0.835382346
152,4,N,Y,0,0,NY,3,SLOW,3.9361386,0.039361386,12067.18433,18.413343,0,-0.835382346
153,1,P,B,3,4,PB,1,FAST,13.7319868,0.137319868,443.884,0.677323568,3.5,0.124778438
153,2,N,B,5,13,NB,1,FAST,13.7319868,0.137319868,443.884,0.677323568,9,0.124778438
153,3,P,Y,1,2,PY,1,FAST,9.5539332,0.095539332,7495.673667,11.43766486,1.5,-0.651764813
153,4,N,Y,6,10,NY,1,FAST,9.5539332,0.095539332,7495.673667,11.43766486,8,-0.651764813
154,1,P,B,16,18,PB,2,SLOW,13.9319435,0.139319435,4978.225333,7.596284937,17,-0.836572705
154,2,N,B,7,19,NB,2,SLOW,13.9319435,0.139319435,4978.225333,7.596284937,13,-0.836572705
154,3,P,Y,1,2,PY,1,FAST,4.5072562,0.045072562,16392.01667,25.01261412,1.5,-0.944004913
154,4,N,Y,2,5,NY,1,FAST,4.5072562,0.045072562,16392.01667,25.01261412,3.5,-0.944004913
155,1,P,B,1,2,PB,1,FAST,27.866583,0.27866583,2062.654,3.147408255,1.5,-0.441378959
155,2,N,B,74,82,NB,2,SLOW,27.866583,0.27866583,2062.654,3.147408255,78,-0.441378959
155,3,P,Y,1,2,PY,1,FAST,5.2269201,0.052269201,11108.67633,16.95075354,1.5,-0.809815017
155,4,N,Y,4,8,NY,1,FAST,5.2269201,0.052269201,11108.67633,16.95075354,6,-0.809815017
156,1,P,B,3,4,PB,1,FAST,13.2333809,0.132333809,1505.553667,2.297327637,3.5,-0.421450138
156,2,N,B,201,209,NB,2,SLOW,13.2333809,0.132333809,1505.553667,2.297327637,205,-0.421450138
156,3,P,Y,21,22,PY,2,SLOW,8.4170109,0.084170109,9137.849,13.9434638,21.5,-0.815609608
156,4,N,Y,0,0,NY,3,SLOW,8.4170109,0.084170109,9137.849,13.9434638,0,-0.815609608
157,1,P,B,1,2,PB,1,FAST,20.1567214,0.201567214,719.67,1.098146029,1.5,-0.206332445
157,2,N,B,6,10,NB,1,FAST,20.1567214,0.201567214,719.67,1.098146029,8,-0.206332445
157,3,P,Y,2,4,PY,1,FAST,4.1040891,0.041040891,8710.349333,13.29114112,3,-0.759030824
157,4,N,Y,25,26,NY,2,SLOW,4.1040891,0.041040891,8710.349333,13.29114112,25.5,-0.759030824
158,1,P,B,11,13,PB,2,SLOW,10.913281,0.10913281,4599.938,7.019055467,12,-0.789204654
158,2,N,B,55,57,NB,2,SLOW,10.913281,0.10913281,4599.938,7.019055467,56,-0.789204654
158,3,P,Y,11,13,PY,2,SLOW,5.743593,0.05743593,16171.597,24.67627527,12,-0.929403218
158,4,N,Y,5,8,NY,1,FAST,5.743593,0.05743593,16171.597,24.67627527,6.5,-0.929403218
159,1,P,B,1,2,PB,1,FAST,10.8061471,0.108061471,1861.811,2.840941482,1.5,-0.424050594
159,2,N,B,213,255,NB,2,SLOW,10.8061471,0.108061471,1861.811,2.840941482,234,-0.424050594
159,3,P,Y,1,2,PY,1,FAST,14.7243376,0.147243376,9501.723,14.49869993,1.5,-0.789882325
159,4,N,Y,5,42,NY,2,SLOW,14.7243376,0.147243376,9501.723,14.49869993,23.5,-0.789882325
160,1,P,B,2,3,PB,1,FAST,8.2088868,0.082088868,1883.921,2.874679179,2.5,-0.509545803
160,2,N,B,6,31,NB,2,SLOW,8.2088868,0.082088868,1883.921,2.874679179,18.5,-0.509545803
160,3,P,Y,1,3,PY,1,FAST,11.9998216,0.119998216,9919.949333,15.13687241,2,-0.845496623
160,4,N,Y,9,23,NY,2,SLOW,11.9998216,0.119998216,9919.949333,15.13687241,16,-0.845496623
161,1,P,B,2,3,PB,1,FAST,15.1901182,0.151901182,1036.277,1.581257343,2.5,-0.286262267
161,2,N,B,5,11,NB,1,FAST,15.1901182,0.151901182,1036.277,1.581257343,8,-0.286262267
161,3,P,Y,2,3,PY,1,FAST,7.3215906,0.073215906,8303.674,12.67059434,2.5,-0.762808015
161,4,N,Y,4,5,NY,1,FAST,7.3215906,0.073215906,8303.674,12.67059434,4.5,-0.762808015
162,1,P,B,2,6,PB,1,FAST,22.9086316,0.229086316,1638.293333,2.499875385,4,-0.374571055
162,2,N,B,6,15,NB,2,SLOW,22.9086316,0.229086316,1638.293333,2.499875385,10.5,-0.374571055
162,3,P,Y,7,10,PY,1,FAST,7.5030798,0.075030798,24209.65767,36.94156964,8.5,-0.898531742
162,4,N,Y,8,21,NY,2,SLOW,7.5030798,0.075030798,24209.65767,36.94156964,14.5,-0.898531742
163,1,P,B,27,30,PB,2,SLOW,20.3656581,0.203656581,1773.799667,2.706644795,28.5,-0.540318128
163,2,N,B,7,13,NB,1,FAST,20.3656581,0.203656581,1773.799667,2.706644795,10,-0.540318128
163,3,P,Y,1,2,PY,1,FAST,6.3971283,0.063971283,18949.92667,28.91573459,1.5,-0.926261759
163,4,N,Y,9,14,NY,2,SLOW,6.3971283,0.063971283,18949.92667,28.91573459,11.5,-0.926261759
164,1,P,B,1,2,PB,1,FAST,22.679852,0.22679852,307.0173333,0.468478421,1.5,-0.074962572
164,2,N,B,1,3,NB,1,FAST,22.679852,0.22679852,307.0173333,0.468478421,2,-0.074962572
164,3,P,Y,1,2,PY,1,FAST,7.2971616,0.072971616,11356.69567,17.32920679,1.5,-0.750450681
164,4,N,Y,1,2,NY,1,FAST,7.2971616,0.072971616,11356.69567,17.32920679,1.5,-0.750450681
165,1,P,B,3,7,PB,1,FAST,12.33928,0.1233928,3183.699,4.858013275,5,-0.650142441
165,2,N,B,6,14,NB,1,FAST,12.33928,0.1233928,3183.699,4.858013275,10,-0.650142441
165,3,P,Y,2,4,PY,1,FAST,2.3851096,0.023851096,25115.697,38.32409705,3,-0.936156582
165,4,N,Y,2,18,NY,1,FAST,2.3851096,0.023851096,25115.697,38.32409705,10,-0.936156582
166,1,P,B,5,10,PB,1,FAST,20.5052214,0.205052214,1750.303,2.67079118,7.5,-0.38206781
166,2,N,B,10,12,NB,2,SLOW,20.5052214,0.205052214,1750.303,2.67079118,11,-0.38206781
166,3,P,Y,12,13,PY,2,SLOW,6.3835688,0.063835688,NA,39.36013886,12.5,-0.90115176
166,4,N,Y,25,29,NY,2,SLOW,6.3835688,0.063835688,NA,39.36013886,27,-0.90115176
167,1,P,B,27,30,PB,2,SLOW,24.5081602,0.245081602,2089.557333,3.18846011,28.5,-0.653978578
167,2,N,B,0,0,NB,3,SLOW,24.5081602,0.245081602,2089.557333,3.18846011,0,-0.653978578
167,3,P,Y,5,13,PY,1,FAST,9.374312,0.09374312,20881.43567,31.86302841,9,-0.949730621
167,4,N,Y,2,6,NY,1,FAST,9.374312,0.09374312,20881.43567,31.86302841,4,-0.949730621
168,1,P,B,26,29,PB,2,SLOW,18.382837,0.18382837,673.685,1.027977417,27.5,-0.17780387
168,2,N,B,20,25,NB,2,SLOW,18.382837,0.18382837,673.685,1.027977417,22.5,-0.17780387
168,3,P,Y,6,7,PY,1,FAST,3.9319442,0.039319442,12110.49733,18.4794344,6.5,-0.795561013
168,4,N,Y,25,29,NY,2,SLOW,3.9319442,0.039319442,12110.49733,18.4794344,27,-0.795561013
169,1,P,B,20,24,PB,2,SLOW,18.295783,0.18295783,306.0086667,0.466939295,22,-0.076971765
169,2,N,B,54,60,NB,2,SLOW,18.295783,0.18295783,306.0086667,0.466939295,57,-0.076971765
169,3,P,Y,50,58,PY,2,SLOW,3.2320684,0.032320684,19932.706,30.41535973,54,-0.844852943
169,4,N,Y,180,187,NY,2,SLOW,3.2320684,0.032320684,19932.706,30.41535973,183.5,-0.844852943
170,1,P,B,2,3,PB,1,FAST,19.4034646,0.194034646,2224.67,3.394628824,2.5,-0.494486266
170,2,N,B,5,7,NB,1,FAST,19.4034646,0.194034646,2224.67,3.394628824,6,-0.494486266
170,3,P,Y,12,13,PY,2,SLOW,4.1026268,0.041026268,24758.01133,37.77830371,12.5,-0.915897306
170,4,N,Y,6,17,NY,2,SLOW,4.1026268,0.041026268,24758.01133,37.77830371,11.5,-0.915897306
173,1,P,B,3,4,PB,1,FAST,22.3520728,0.223520728,230.7763333,0.352142112,3.5,-0.047646476
173,2,N,B,5,8,NB,1,FAST,22.3520728,0.223520728,230.7763333,0.352142112,6.5,-0.047646476
173,3,P,Y,6,7,PY,1,FAST,7.585838,0.07585838,24033.69933,36.67307444,6.5,-0.839663534
173,4,N,Y,1,2,NY,1,FAST,7.585838,0.07585838,24033.69933,36.67307444,1.5,-0.839663534
174,1,P,B,2,14,PB,1,FAST,20.6612968,0.206612968,373.3226667,0.569653875,8,-0.088456713
174,2,N,B,34,45,NB,2,SLOW,20.6612968,0.206612968,373.3226667,0.569653875,39.5,-0.088456713
174,3,P,Y,1,2,PY,1,FAST,6.9809858,0.069809858,16721.32033,25.51509931,1.5,-0.813308312
174,4,N,Y,7,9,NY,1,FAST,6.9809858,0.069809858,16721.32033,25.51509931,8,-0.813308312
175,1,P,B,49,60,PB,2,SLOW,21.727263,0.21727263,2320.778,3.541280232,54.5,-0.646307851
175,2,N,B,32,87,NB,2,SLOW,21.727263,0.21727263,2320.778,3.541280232,59.5,-0.646307851
175,3,P,Y,25,32,PY,2,SLOW,6.5667841,0.065667841,19710.34733,30.07606216,28.5,-0.939481748
175,4,N,Y,49,51,NY,2,SLOW,6.5667841,0.065667841,19710.34733,30.07606216,50,-0.939481748
176,1,P,B,14,15,PB,2,SLOW,15.9948205,0.159948205,2099.97,3.204348821,14.5,-0.597356003
176,2,N,B,23,31,NB,2,SLOW,15.9948205,0.159948205,2099.97,3.204348821,27,-0.597356003
176,3,P,Y,4,16,PY,1,FAST,1.6567139,0.016567139,20657.45733,31.52125938,10,-0.935890159
176,4,N,Y,12,13,NY,2,SLOW,1.6567139,0.016567139,20657.45733,31.52125938,12.5,-0.935890159
177,1,P,B,2,4,PB,1,FAST,8.4147244,0.084147244,1955.386,2.983727779,3,-0.352224626
177,2,N,B,26,33,NB,2,SLOW,8.4147244,0.084147244,1955.386,2.983727779,29.5,-0.352224626
177,3,P,Y,13,23,PY,2,SLOW,4.7392183,0.047392183,22395.895,34.17394522,18,-0.861682055
177,4,N,Y,48,56,NY,2,SLOW,4.7392183,0.047392183,22395.895,34.17394522,52,-0.861682055
178,1,P,B,37,45,PB,2,SLOW,16.045572,0.16045572,1503.741667,2.294562702,41,0.326339181
178,2,N,B,2,65,NB,2,SLOW,16.045572,0.16045572,1503.741667,2.294562702,33.5,0.326339181
178,3,P,Y,2,3,PY,1,FAST,0.6379571,0.006379571,21303.06633,32.50639556,2.5,-0.776973978
178,4,N,Y,17,21,NY,2,SLOW,0.6379571,0.006379571,21303.06633,32.50639556,19,-0.776973978
179,1,P,B,18,23,PB,2,SLOW,20.0961924,0.200961924,1328.980333,2.027894001,20.5,-0.373572223
179,2,N,B,18,23,NB,2,SLOW,20.0961924,0.200961924,1328.980333,2.027894001,20.5,-0.373572223
179,3,P,Y,16,22,PY,2,SLOW,4.8604106,0.048604106,19172.98233,29.25609572,19,-0.895919399
179,4,N,Y,12,23,NY,2,SLOW,4.8604106,0.048604106,19172.98233,29.25609572,17.5,-0.895919399
181,1,P,B,9,13,PB,2,SLOW,19.6706569,0.196706569,2833.668333,4.323900715,11,0.772157146
181,2,N,B,23,26,NB,2,SLOW,19.6706569,0.196706569,2833.668333,4.323900715,24.5,0.772157146
181,3,P,Y,2,3,PY,1,FAST,3.9328496,0.039328496,15663.456,23.90090181,2.5,-0.706549492
181,4,N,Y,0,0,NY,3,SLOW,3.9328496,0.039328496,15663.456,23.90090181,0,-0.706549492
182,1,P,B,11,13,PB,2,SLOW,20.4132391,0.204132391,2773.63,4.23228809,12,-0.64019598
182,2,N,B,11,16,NB,2,SLOW,20.4132391,0.204132391,2773.63,4.23228809,13.5,-0.64019598
182,3,P,Y,1,2,PY,1,FAST,4.8481187,0.048481187,25592.53,39.05169757,1.5,-0.942603528
182,4,N,Y,8,9,NY,1,FAST,4.8481187,0.048481187,25592.53,39.05169757,8.5,-0.942603528
183,1,P,B,3,7,PB,1,FAST,16.9869842,0.169869842,2093.496,3.19447013,5,-0.447076821
183,2,N,B,40,62,NB,2,SLOW,16.9869842,0.169869842,2093.496,3.19447013,51,-0.447076821
183,3,P,Y,2,3,PY,1,FAST,1.8753191,0.018753191,25562.504,39.00588083,2.5,-0.90806212
183,4,N,Y,3,13,NY,1,FAST,1.8753191,0.018753191,25562.504,39.00588083,8,-0.90806212
184,1,P,B,10,11,PB,2,SLOW,7.0339276,0.070339276,2444.195,3.729602502,10.5,-0.694898675
184,2,N,B,35,45,NB,2,SLOW,7.0339276,0.070339276,2444.195,3.729602502,40,-0.694898675
184,3,P,Y,15,16,PY,2,SLOW,9.6485604,0.096485604,20091.002,30.65690394,15.5,-0.949304077
184,4,N,Y,23,26,NY,2,SLOW,9.6485604,0.096485604,20091.002,30.65690394,24.5,-0.949304077
185,1,P,B,24,29,PB,2,SLOW,12.9779226,0.129779226,2185.763,3.335260548,26.5,-0.441291342
185,2,N,B,105,108,NB,2,SLOW,12.9779226,0.129779226,2185.763,3.335260548,106.5,-0.441291342
185,3,P,Y,12,13,PY,2,SLOW,3.1450014,0.031450014,25147.673,38.3728893,12.5,-0.900894992
185,4,N,Y,7,12,NY,1,FAST,3.1450014,0.031450014,25147.673,38.3728893,9.5,-0.900894992
186,1,P,B,130,131,PB,2,SLOW,20.0875671,0.200875671,6578.111333,10.03755449,130.5,1.699504762
186,2,N,B,0,0,NB,3,SLOW,20.0875671,0.200875671,6578.111333,10.03755449,0,1.699504762
186,3,P,Y,12,13,PY,2,SLOW,2.9063143,0.029063143,4852.045333,7.403746599,12.5,-0.317108209
186,4,N,Y,20,34,NY,2,SLOW,2.9063143,0.029063143,4852.045333,7.403746599,27,-0.317108209
187,1,P,B,1,2,PB,1,FAST,10.325011,0.10325011,1448.096,2.209652857,1.5,-0.365010375
187,2,N,B,14,17,NB,2,SLOW,10.325011,0.10325011,1448.096,2.209652857,15.5,-0.365010375
187,3,P,Y,8,9,PY,1,FAST,12.4504311,0.124504311,15763.392,24.05339437,8.5,-0.862263093
187,4,N,Y,10,35,NY,2,SLOW,12.4504311,0.124504311,15763.392,24.05339437,22.5,-0.862263093
188,1,P,B,38,39,PB,2,SLOW,18.6768001,0.186768001,990.3796667,1.511222502,38.5,-0.263284383
188,2,N,B,17,25,NB,2,SLOW,18.6768001,0.186768001,990.3796667,1.511222502,21,-0.263284383
188,3,P,Y,13,14,PY,2,SLOW,4.1978828,0.041978828,15623.959,23.84063325,13.5,-0.849458075
188,4,N,Y,151,157,NY,2,SLOW,4.1978828,0.041978828,15623.959,23.84063325,154,-0.849458075
190,1,P,B,1,2,PB,1,FAST,18.0343978,0.180343978,3846.360667,5.869170164,1.5,-0.71125055
190,2,N,B,0,0,NB,3,SLOW,18.0343978,0.180343978,3846.360667,5.869170164,0,-0.71125055
190,3,P,Y,12,13,PY,2,SLOW,1.7320511,0.017320511,12258.31033,18.70498258,12.5,-0.88703464
190,4,N,Y,20,34,NY,2,SLOW,1.7320511,0.017320511,12258.31033,18.70498258,27,-0.88703464
191,1,P,B,15,21,PB,2,SLOW,16.1217967,0.161217967,1800.837,2.747901122,18,-0.474932468
191,2,N,B,113,122,NB,2,SLOW,16.1217967,0.161217967,1800.837,2.747901122,117.5,-0.474932468
191,3,P,Y,77,81,PY,2,SLOW,6.888108,0.06888108,12545.19267,19.14273696,79,-0.863087782
191,4,N,Y,23,35,NY,2,SLOW,6.888108,0.06888108,12545.19267,19.14273696,29,-0.863087782
192,1,P,B,38,39,PB,2,SLOW,10.4186765,0.104186765,1479.831667,2.258078381,38.5,-0.525798001
192,2,N,B,17,25,NB,2,SLOW,10.4186765,0.104186765,1479.831667,2.258078381,21,-0.525798001
192,3,P,Y,1,2,PY,1,FAST,13.6205394,0.136205394,11999.113,18.3094728,1.5,-0.899940035
192,4,N,Y,15,17,NY,2,SLOW,13.6205394,0.136205394,11999.113,18.3094728,16,-0.899940035
193,1,P,B,42,43,PB,2,SLOW,14.8112301,0.148112301,1790.158,2.731606012,42.5,-0.51248249
193,2,N,B,186,192,NB,2,SLOW,14.8112301,0.148112301,1790.158,2.731606012,189,-0.51248249
193,3,P,Y,2,3,PY,1,FAST,7.7490324,0.077490324,14847.08267,22.65519595,2.5,-0.897141186
193,4,N,Y,0,0,NY,3,SLOW,7.7490324,0.077490324,14847.08267,22.65519595,0,-0.897141186
194,1,P,B,1,12,PB,1,FAST,24.6748147,0.246748147,922.396,1.407486076,6.5,-0.260697511
194,2,N,B,96,104,NB,2,SLOW,24.6748147,0.246748147,922.396,1.407486076,100,-0.260697511
194,3,P,Y,1,12,PY,1,FAST,2.1901122,0.021901122,15400.41533,23.49952748,6.5,-0.854934973
194,4,N,Y,33,37,NY,2,SLOW,2.1901122,0.021901122,15400.41533,23.49952748,35,-0.854934973
195,1,P,B,31,48,PB,2,SLOW,12.0605613,0.120605613,2089.738667,3.188736807,39.5,-0.559375882
195,2,N,B,23,71,NB,2,SLOW,12.0605613,0.120605613,2089.738667,3.188736807,47,-0.559375882
195,3,P,Y,15,17,PY,2,SLOW,10.6260374,0.106260374,15509.637,23.66618906,16,-0.904081858
195,4,N,Y,28,32,NY,2,SLOW,10.6260374,0.106260374,15509.637,23.66618906,30,-0.904081858
196,1,P,B,24,26,PB,2,SLOW,21.171896,0.21171896,1694.047333,2.584950535,25,0.474589904
196,2,N,B,55,77,NB,2,SLOW,21.171896,0.21171896,1694.047333,2.584950535,66,0.474589904
196,3,P,Y,2,3,PY,1,FAST,3.3806528,0.033806528,13129.96433,20.03504133,2.5,-0.713752139
196,4,N,Y,100,150,NY,2,SLOW,3.3806528,0.033806528,13129.96433,20.03504133,125,-0.713752139
197,1,P,B,7,50,PB,2,SLOW,11.3482313,0.113482313,1615.78,2.46552224,28.5,-0.462566178
197,2,N,B,0,0,NB,3,SLOW,11.3482313,0.113482313,1615.78,2.46552224,0,-0.462566178
197,3,P,Y,5,9,PY,1,FAST,10.5886413,0.105886413,13120.68667,20.02088451,7,-0.874874528
197,4,N,Y,130,133,NY,2,SLOW,10.5886413,0.105886413,13120.68667,20.02088451,131.5,-0.874874528
198,1,P,B,12,13,PB,2,SLOW,22.6194279,0.226194279,1754.417,2.677068742,12.5,-0.45933317
198,2,N,B,21,55,NB,2,SLOW,22.6194279,0.226194279,1754.417,2.677068742,38,-0.45933317
198,3,P,Y,22,24,PY,2,SLOW,1.104718,0.01104718,14925.812,22.77532921,23,-0.878517671
198,4,N,Y,53,65,NY,2,SLOW,1.104718,0.01104718,14925.812,22.77532921,59,-0.878517671
199,1,P,B,1,2,PB,1,FAST,26.3630096,0.263630096,1560.599,2.381321431,1.5,-0.394690228
199,2,N,B,8,12,NB,1,FAST,26.3630096,0.263630096,1560.599,2.381321431,10,-0.394690228
199,3,P,Y,26,33,PY,2,SLOW,4.3607794,0.043607794,16063.028,24.5106096,29.5,-0.87039994
199,4,N,Y,1,7,NY,1,FAST,4.3607794,0.043607794,16063.028,24.5106096,4,-0.87039994
200,1,P,B,19,35,PB,2,SLOW,10.0955913,0.100955913,2593.425333,3.957313395,27,-0.676602903
200,2,N,B,23,40,NB,2,SLOW,10.0955913,0.100955913,2593.425333,3.957313395,31.5,-0.676602903
200,3,P,Y,25,31,PY,2,SLOW,13.1699886,0.131699886,17241.09367,26.30822258,28,-0.932945776
200,4,N,Y,14,20,NY,2,SLOW,13.1699886,0.131699886,17241.09367,26.30822258,17,-0.932945776
201,1,P,B,60,67,PB,2,SLOW,15.8398524,0.158398524,2573.195,3.926443885,63.5,-0.656304743
201,2,N,B,0,0,NB,3,SLOW,15.8398524,0.158398524,2573.195,3.926443885,0,-0.656304743
201,3,P,Y,12,16,PY,2,SLOW,7.3890764,0.073890764,18031.83267,27.51481295,14,-0.930487889
201,4,N,Y,57,61,NY,2,SLOW,7.3890764,0.073890764,18031.83267,27.51481295,59,-0.930487889
202,1,P,B,12,23,PB,2,SLOW,19.1828463,0.191828463,3153.931667,4.812591236,17.5,-0.700807984
202,2,N,B,80,86,NB,2,SLOW,19.1828463,0.191828463,3153.931667,4.812591236,83,-0.700807984
202,3,P,Y,5,6,PY,1,FAST,4.678739,0.04678739,12588.667,19.20907454,5.5,-0.90340157
202,4,N,Y,32,35,NY,2,SLOW,4.678739,0.04678739,12588.667,19.20907454,33.5,-0.90340157
203,1,P,B,11,22,PB,2,SLOW,29.6571773,0.296571773,4346.148667,6.631797767,16.5,-0.698973367
203,2,N,B,15,98,NB,2,SLOW,29.6571773,0.296571773,4346.148667,6.631797767,56.5,-0.698973367
203,3,P,Y,36,38,PY,2,SLOW,6.6524391,0.066524391,22021.563,33.6027512,37,-0.921690129
203,4,N,Y,38,51,NY,2,SLOW,6.6524391,0.066524391,22021.563,33.6027512,44.5,-0.921690129
204,1,P,B,64,67,PB,2,SLOW,21.0091017,0.210091017,1785.807667,2.724967829,65.5,-0.449730142
204,2,N,B,118,143,NB,2,SLOW,21.0091017,0.210091017,1785.807667,2.724967829,130.5,-0.449730142
204,3,P,Y,89,91,PY,2,SLOW,2.6936471,0.026936471,16807.59667,25.64674856,90,-0.885007878
204,4,N,Y,94,96,NY,2,SLOW,2.6936471,0.026936471,16807.59667,25.64674856,95,-0.885007878
205,1,P,B,2,3,PB,1,FAST,20.2582077,0.202582077,1160.990333,1.771557692,2.5,-0.393942701
205,2,N,B,2,3,NB,1,FAST,20.2582077,0.202582077,1160.990333,1.771557692,2.5,-0.393942701
205,3,P,Y,2,4,PY,1,FAST,2.873266,0.02873266,11837.19733,18.06240533,3,-0.868958933
205,4,N,Y,21,22,NY,2,SLOW,2.873266,0.02873266,11837.19733,18.06240533,21.5,-0.868958933
206,1,P,B,8,23,PB,2,SLOW,14.1837937,0.141837937,1380.916,2.107142748,15.5,-0.358359653
206,2,N,B,6,24,NB,2,SLOW,14.1837937,0.141837937,1380.916,2.107142748,15,-0.358359653
206,3,P,Y,47,50,PY,2,SLOW,8.8753104,0.088753104,15805.262,24.11728389,48.5,-0.864789591
206,4,N,Y,18,22,NY,2,SLOW,8.8753104,0.088753104,15805.262,24.11728389,20,-0.864789591
207,1,P,B,9,13,PB,2,SLOW,21.5577097,0.215577097,1867.487,2.849602502,11,-0.459450061
207,2,N,B,27,34,NB,2,SLOW,21.5577097,0.215577097,1867.487,2.849602502,30.5,-0.459450061
207,3,P,Y,15,17,PY,2,SLOW,1.7208013,0.017208013,15629.39633,23.84893009,16,-0.876806297
207,4,N,Y,12,37,NY,2,SLOW,1.7208013,0.017208013,15629.39633,23.84893009,24.5,-0.876806297
208,1,P,B,6,10,PB,1,FAST,12.6670037,0.126670037,1145.052333,1.747237863,8,-0.297602143
208,2,N,B,8,26,NB,2,SLOW,12.6670037,0.126670037,1145.052333,1.747237863,17,-0.297602143
208,3,P,Y,23,25,PY,2,SLOW,10.3694871,0.103694871,15189.47433,23.17765215,24,-0.849026697
208,4,N,Y,15,27,NY,2,SLOW,10.3694871,0.103694871,15189.47433,23.17765215,21,-0.849026697
209,1,P,B,7,12,PB,1,FAST,24.4335564,0.244335564,1252.783,1.911624323,9.5,-0.344185816
209,2,N,B,34,51,NB,2,SLOW,24.4335564,0.244335564,1252.783,1.911624323,42.5,-0.344185816
209,3,P,Y,52,57,PY,2,SLOW,2.861752,0.02861752,15108.85867,23.05464052,54.5,-0.863653298
209,4,N,Y,56,63,NY,2,SLOW,2.861752,0.02861752,15108.85867,23.05464052,59.5,-0.863653298
